postDate,craigId,title,price,zipcode,longitude,beds,latitude,link,numPic,baths,date,updateDate,size,contentLen,reposts
"2015-11-24T17:58:00-0700,2015-11-24T17:58:00-0700",5331147204,Park Hill Home,2800,,-104.927034,3,39.751187,//denver.craigslist.org/apa/5331147204.html,0,3.0,Nov 24,"2015-11-24T17:58:00-0700,2015-11-24T17:58:00-0700",3600,1,0
"2015-11-10T11:40:13-0700,2015-11-10T11:40:13-0700,2015-11-24T18:13:05-0700",5309464756,$700 / 1br - One BR Apartment near Hwy 85 7 Hwy 34,700,,-104.691707,1,40.389375,//denver.craigslist.org/apa/5309464756.html,0,,Nov 24,"2015-11-10T11:40:13-0700,2015-11-10T11:40:13-0700,2015-11-24T18:13:05-0700",,3,0
"2015-11-24T18:04:04-0700,2015-11-24T18:04:04-0700",5331153984,Beautiful Two Bedroom!,1185,,,2,,//denver.craigslist.org/apa/5331153984.html,3,2.0,Nov 24,"2015-11-24T18:04:04-0700,2015-11-24T18:04:04-0700",900,19,0
"2015-10-29T12:40:20-0600,2015-10-29T12:40:20-0600,2015-11-24T18:11:27-0700",5291214590,3BR 2-Story Home in the heart of Highlands Ranch!,1875,,,3,,//denver.craigslist.org/apa/5291214590.html,7,2.0,Nov 24,"2015-10-29T12:40:20-0600,2015-10-29T12:40:20-0600,2015-11-24T18:11:27-0700",1542,1,0
"2015-11-24T18:17:30-0700,2015-11-24T18:17:30-0700",5331168601,4 bedroom house in Aurora,2225,,-104.756927,4,39.65131,//denver.craigslist.org/apa/5331168601.html,9,2462.0,Nov 24,"2015-11-24T18:17:30-0700,2015-11-24T18:17:30-0700",2462,25,0
"2015-11-20T16:59:11-0700,2015-11-20T16:59:11-0700,2015-11-24T18:14:44-0700",5325188526,"Exquisite Crown-molding, Cozy Gas Fireplace, Easy Online Rent Payments",,,-104.943854,2,39.867854,//denver.craigslist.org/apa/5325188526.html,11,2.0,Nov 24,"2015-11-20T16:59:11-0700,2015-11-20T16:59:11-0700,2015-11-24T18:14:44-0700",1170,23,0
"2015-11-24T18:06:43-0700,2015-11-24T18:06:43-0700",5331156804,~~~LOHI's #1 Property-1 Month FREE Rent and Free Undergound Parking! ~~~~~~~~~~~,1452,,,1,,//denver.craigslist.org/apa/5331156804.html,13,1.0,Nov 24,"2015-11-24T18:06:43-0700,2015-11-24T18:06:43-0700",661,41,0
"2015-11-24T17:59:25-0700,2015-11-24T17:59:25-0700",5331148771,"Dishwasher, Fitness Center, Open Layout, Tennis Court, Electric Range",1193,,-104.9011,1,39.5805,//denver.craigslist.org/apa/5331148771.html,5,1.0,Nov 24,"2015-11-24T17:59:25-0700,2015-11-24T17:59:25-0700",745,69,0
"2015-11-24T18:11:11-0700,2015-11-24T18:11:11-0700",5331161696,Resort Style Apartment Homes! Great Downtown Location!,2955,,-105.000865,2,39.762993,//denver.craigslist.org/apa/5331161696.html,16,2.0,Nov 24,"2015-11-24T18:11:11-0700,2015-11-24T18:11:11-0700",1379,23,0
"2015-11-02T22:02:21-0700,2015-11-02T22:02:21-0700,2015-11-24T18:22:19-0700",5297851356,"Furnished Studio, mth-mth, Best Prices in DTC/Centennial",995,,-104.880384,1,39.600973,//denver.craigslist.org/apa/5297851356.html,6,1.0,Nov 24,"2015-11-02T22:02:21-0700,2015-11-02T22:02:21-0700,2015-11-24T18:22:19-0700",300,33,0
"2015-11-24T18:10:22-0700,2015-11-24T18:10:22-0700",5331160811,Come see all the changes at Sky at Bear Creek!,1051,,-104.842505,2,38.805192,//cosprings.craigslist.org/apa/5331160811.html,8,1.5,Nov 24,"2015-11-24T18:10:22-0700,2015-11-24T18:10:22-0700",915,28,0
"2015-11-24T17:52:51-0700,2015-11-24T17:52:51-0700",5331141381,Fall in Love with your NEW HOME!! 2 Bedroom Apt Home Dec 12th,1075,,-104.849152,2,39.695397,//denver.craigslist.org/apa/5331141381.html,10,1.0,Nov 24,"2015-11-24T17:52:51-0700,2015-11-24T17:52:51-0700",980,32,0
"2015-10-29T18:01:23-0600,2015-10-29T18:01:23-0600,2015-11-24T18:11:21-0700",5291719662,Spacious Lafayette Home with Tons of Storage and a Huge Yard!,2100,,-105.105136,3,39.992921,//boulder.craigslist.org/apa/5291719662.html,22,3.0,Nov 24,"2015-10-29T18:01:23-0600,2015-10-29T18:01:23-0600,2015-11-24T18:11:21-0700",1724,21,0
"2015-11-24T18:00:16-0700,2015-11-24T18:00:16-0700",5331149681,Must See ! Lost Of Natural Light! Move In Special!,1495,,-104.843148,2,39.676926,//denver.craigslist.org/apa/5331149681.html,18,2.0,Nov 24,"2015-11-24T18:00:16-0700,2015-11-24T18:00:16-0700",1192,50,0
"2015-11-13T15:45:03-0700,2015-11-13T15:45:03-0700,2015-11-24T18:01:17-0700",5314685612,"800 Cherry St: 1 bedroom in Hale neighborhood, ready now!",890,,-104.933834,1,39.729187,//denver.craigslist.org/apa/5314685612.html,7,1.0,Nov 24,"2015-11-13T15:45:03-0700,2015-11-13T15:45:03-0700,2015-11-24T18:01:17-0700",525,5,0
"2015-11-24T17:05:11-0700,2015-11-24T17:05:11-0700",5331085004,"Visit Your New Home, Basketball Courts, Swimming Pool",1,,-104.835386,2,39.693446,//denver.craigslist.org/apa/5331085004.html,11,2.0,Nov 24,"2015-11-24T17:05:11-0700,2015-11-24T17:05:11-0700",882,22,0
"2015-11-24T18:12:50-0700,2015-11-24T18:12:50-0700",5331163478,"1B on 12.7: Sparkling Indoor Pool, Balcony & Fireplace",1100,,-104.927761,1,39.675745,//denver.craigslist.org/apa/5331163478.html,6,1.0,Nov 24,"2015-11-24T18:12:50-0700,2015-11-24T18:12:50-0700",650,29,0
"2015-11-24T18:03:21-0700,2015-11-24T18:03:21-0700",5331153142,Renovated Quaint 1x1 - End of January!,1186,,-104.900723,1,39.599075,//denver.craigslist.org/apa/5331153142.html,12,1.0,Nov 24,"2015-11-24T18:03:21-0700,2015-11-24T18:03:21-0700",569,21,0
"2015-11-24T18:03:18-0700,2015-11-24T18:03:18-0700",5331153091,Do You Like Having a Lot of Space? And a Private Patio?,985,,-104.798031,2,38.929593,//cosprings.craigslist.org/apa/5331153091.html,8,1.0,Nov 24,"2015-11-24T18:03:18-0700,2015-11-24T18:03:18-0700",1066,20,0
"2015-11-24T17:51:06-0700,2015-11-24T17:51:06-0700",5331139366,VIA in Capitol Hill offers central heat/air and lots of closet space!,1305,,,0,,//denver.craigslist.org/apa/5331139366.html,4,1.0,Nov 24,"2015-11-24T17:51:06-0700,2015-11-24T17:51:06-0700",569,22,0
"2015-11-24T18:01:21-0700,2015-11-24T18:01:21-0700",5331150919,Welcome Home! Spacious 2x2 available for December! Call Today!,1550,,-105.078996,2,40.581428,//fortcollins.craigslist.org/apa/5331150919.html,6,2.0,Nov 24,"2015-11-24T18:01:21-0700,2015-11-24T18:01:21-0700",950,40,0
"2015-11-24T17:56:04-0700,2015-11-24T17:56:04-0700",5331144994,Classic 2 BDRM Close To Everything!Look & Lease & Get $200 Off Move In,1185,,-104.897139,2,39.65639,//denver.craigslist.org/apa/5331144994.html,6,2.0,Nov 24,"2015-11-24T17:56:04-0700,2015-11-24T17:56:04-0700",1035,34,0
"2015-11-24T17:51:58-0700,2015-11-24T17:51:58-0700",5331140358,You Can't Beat This View! Holiday Specials! Allow 3 Pets!,1631,,-105.202207,1,40.074663,//boulder.craigslist.org/apa/5331140358.html,15,1.0,Nov 24,"2015-11-24T17:51:58-0700,2015-11-24T17:51:58-0700",701,33,0
"2015-11-24T17:48:28-0700,2015-11-24T17:48:28-0700",5331136340,Half Off Move In Cost And Month Free,1186,,,1,,//denver.craigslist.org/apa/5331136340.html,3,1.0,Nov 24,"2015-11-24T17:48:28-0700,2015-11-24T17:48:28-0700",742,32,0
"2015-11-24T17:22:37-0700,2015-11-24T17:22:37-0700",5331105781,Cozy up to a wood burning fireplace in a 2b2bLoft unit!,1284,,-104.984407,2,39.857331,//denver.craigslist.org/apa/5331105781.html,5,2.0,Nov 24,"2015-11-24T17:22:37-0700,2015-11-24T17:22:37-0700",1185,1,0
"2015-11-24T17:53:00-0700,2015-11-24T17:53:00-0700",5331141557,~~Denver's BEST Mountain Views! #1 Penthouse in Cherry Creek! 300 SF Balcony! Al,7500,,,2,,//denver.craigslist.org/apa/5331141557.html,12,2.0,Nov 24,"2015-11-24T17:53:00-0700,2015-11-24T17:53:00-0700",1329,10,0
"2015-11-24T17:53:37-0700,2015-11-24T17:53:37-0700",5331142255,Town Center Only Minutes Away!,1688,,-104.993269,2,39.544218,//denver.craigslist.org/apa/5331142255.html,6,2.0,Nov 24,"2015-11-24T17:53:37-0700,2015-11-24T17:53:37-0700",1093,9,0
"2015-11-24T17:53:58-0700,2015-11-24T17:53:58-0700",5331142673,Off-leash dog park! Pets move-in for free! $99 deposit!,2135,,,3,,//denver.craigslist.org/apa/5331142673.html,12,2.0,Nov 24,"2015-11-24T17:53:58-0700,2015-11-24T17:53:58-0700",1348,12,0
"2015-11-24T17:56:18-0700,2015-11-24T17:56:18-0700",5331145281,One Month FREE!!!!!,1025,,-104.9227,1,39.8671,//denver.craigslist.org/apa/5331145281.html,2,1.0,Nov 24,"2015-11-24T17:56:18-0700,2015-11-24T17:56:18-0700",745,36,0
"2015-11-20T15:23:33-0700,2015-11-20T15:23:33-0700,2015-11-24T17:45:07-0700",5325053105,"1 bedroom - Rocky Mountain Views*, All Buildings 2 Stories, Ceiling fans*",1185,,-105.117734,1,39.659028,//denver.craigslist.org/apa/5325053105.html,10,1.0,Nov 24,"2015-11-20T15:23:33-0700,2015-11-20T15:23:33-0700,2015-11-24T17:45:07-0700",700,17,0
"2015-11-24T17:44:25-0700,2015-11-24T17:44:25-0700",5331131487,All New Stainless Steel Appliances!!!,1280,,-104.855061,1,38.875618,//cosprings.craigslist.org/apa/5331131487.html,2,1.0,Nov 24,"2015-11-24T17:44:25-0700,2015-11-24T17:44:25-0700",817,42,0
"2015-11-22T16:35:23-0700,2015-11-22T16:35:23-0700,2015-11-24T17:52:49-0700",5327952545,2 Bedroom w/ Private Yard! 1 Month Free! Pets Are Welcome!,2171,,-105.202194,2,40.074617,//boulder.craigslist.org/apa/5327952545.html,16,2.0,Nov 24,"2015-11-22T16:35:23-0700,2015-11-22T16:35:23-0700,2015-11-24T17:52:49-0700",1046,33,0
"2015-11-24T17:50:48-0700,2015-11-24T17:50:48-0700",5331139035,One Bedroom Close to Light Rail,1260,,-105.0092,1,39.6463,//denver.craigslist.org/apa/5331139035.html,2,1.0,Nov 24,"2015-11-24T17:50:48-0700,2015-11-24T17:50:48-0700",744,67,0
"2015-11-24T17:50:34-0700,2015-11-24T17:50:34-0700",5331138768,"Flexible Lease Terms Available, Copy & Fax Services, Pets Allowed",965,,-104.863736,1,39.70821,//denver.craigslist.org/apa/5331138768.html,14,1.0,Nov 24,"2015-11-24T17:50:34-0700,2015-11-24T17:50:34-0700",740,95,0
"2015-11-24T17:35:35-0700,2015-11-24T17:35:35-0700",5331121217,Elegant Apartment With Roman Columns!,1369,,-104.996688,2,39.919753,//denver.craigslist.org/apa/5331121217.html,5,2.0,Nov 24,"2015-11-24T17:35:35-0700,2015-11-24T17:35:35-0700",1236,9,0
"2015-11-12T08:41:19-0700,2015-11-12T08:41:19-0700,2015-11-24T17:44:23-0700",5312305039,"Accepts Electronic Payments, Public Transportation, Pets Allowed",850,,-104.791724,2,38.867693,//cosprings.craigslist.org/apa/5312305039.html,6,1.0,Nov 24,"2015-11-12T08:41:19-0700,2015-11-12T08:41:19-0700,2015-11-24T17:44:23-0700",780,15,0
"2015-11-24T17:52:22-0700,2015-11-24T17:52:22-0700",5331140831,"Beautiful, Quiet Two Level 1bd/1ba",1360,,-105.262628,1,40.030013,//boulder.craigslist.org/apa/5331140831.html,8,1.0,Nov 24,"2015-11-24T17:52:22-0700,2015-11-24T17:52:22-0700",1400,21,0
"2015-11-23T09:19:08-0700,2015-11-23T09:19:08-0700,2015-11-24T17:44:15-0700",5328740003,COME IN SEE A HUGE 1 BEDROOM ON FIRST FLOOR !!!!,1095,,-104.85718,1,39.675446,//denver.craigslist.org/apa/5328740003.html,3,1.0,Nov 24,"2015-11-23T09:19:08-0700,2015-11-23T09:19:08-0700,2015-11-24T17:44:15-0700",747,58,0
"2015-11-24T17:53:45-0700,2015-11-24T17:53:45-0700",5331142413,Beautiful 1 Bedroom! 1 Month Free! Waive App and Admin Fees!,1526,,-105.202194,1,40.074643,//boulder.craigslist.org/apa/5331142413.html,16,1.0,Nov 24,"2015-11-24T17:53:45-0700,2015-11-24T17:53:45-0700",683,31,0
"2015-11-24T17:18:36-0700,2015-11-24T17:18:36-0700",5331100962,2BR/1BA APARTMENT WITH A WALK-IN STORAGE CLOSET!,1228,,,0,,//denver.craigslist.org/apa/5331100962.html,3,750.0,Nov 24,"2015-11-24T17:18:36-0700,2015-11-24T17:18:36-0700",750,15,0
"2015-11-19T14:48:02-0700,2015-11-19T14:48:02-0700,2015-11-24T17:44:39-0700",5323452511,$500 OFF $500 OFF $500 OFF CALL BRITTANY FOR DETAILS,1110,,-104.785705,2,39.677356,//denver.craigslist.org/apa/5323452511.html,8,2.0,Nov 24,"2015-11-19T14:48:02-0700,2015-11-19T14:48:02-0700,2015-11-24T17:44:39-0700",900,13,0
"2015-11-24T17:48:49-0700,2015-11-24T17:48:49-0700",5331136746,"Professionally Managed, Easy Access to I25, Resident Clubhouse",920,,-104.900296,1,39.693157,//denver.craigslist.org/apa/5331136746.html,10,1.0,Nov 24,"2015-11-24T17:48:49-0700,2015-11-24T17:48:49-0700",670,28,0
"2015-11-24T17:20:47-0700,2015-11-24T17:20:47-0700",5331103596,LIVE IN THE HEART OF STAPLETON,2550,,-104.898921,2,39.759943,//denver.craigslist.org/apa/5331103596.html,5,2.0,Nov 24,"2015-11-24T17:20:47-0700,2015-11-24T17:20:47-0700",1068,29,0
"2015-11-24T17:52:36-0700,2015-11-24T17:52:36-0700",5331141092,Open Layout 1 Bedroom! Get Into A Comfy Home For The Winter!,1551,,-105.20216,1,40.074669,//boulder.craigslist.org/apa/5331141092.html,18,1.0,Nov 24,"2015-11-24T17:52:36-0700,2015-11-24T17:52:36-0700",703,33,0
"2015-11-24T17:45:14-0700,2015-11-24T17:45:14-0700",5331132494,1st floor 2 bedroom available in December! Perfect for roommates!,1390,,-105.095129,2,39.624598,//denver.craigslist.org/apa/5331132494.html,9,2.0,Nov 24,"2015-11-24T17:45:14-0700,2015-11-24T17:45:14-0700",932,14,0
"2015-11-24T17:30:04-0700,2015-11-24T17:30:04-0700",5331114711,"Perfect Location, Volleyball Court, Beautiful Landscaping",1666,,,3,,//denver.craigslist.org/apa/5331114711.html,15,2.0,Nov 24,"2015-11-24T17:30:04-0700,2015-11-24T17:30:04-0700",1091,34,0
"2015-11-24T17:48:27-0700,2015-11-24T17:48:27-0700",5331136307,Dual Master with tons of space! Great for roommates!,1195,,-104.8843,2,39.6793,//denver.craigslist.org/apa/5331136307.html,6,2.0,Nov 24,"2015-11-24T17:48:27-0700,2015-11-24T17:48:27-0700",1160,39,0
"2015-11-05T18:09:02-0700,2015-11-05T18:09:02-0700,2015-11-24T17:29:54-0700",5302457533,"Bryant Apartments: Conveniently located 2 bedroom, ready to move into!",1050,,-105.01904,2,39.753096,//denver.craigslist.org/apa/5302457533.html,11,1.0,Nov 24,"2015-11-05T18:09:02-0700,2015-11-05T18:09:02-0700,2015-11-24T17:29:54-0700",625,24,0
"2015-11-19T16:16:43-0700,2015-11-19T16:16:43-0700,2015-11-24T17:49:32-0700",5323573235,MOVE IN THIS WEEKEND!,1995,,-104.8447,3,39.4895,//denver.craigslist.org/apa/5323573235.html,8,2.5,Nov 24,"2015-11-19T16:16:43-0700,2015-11-19T16:16:43-0700,2015-11-24T17:49:32-0700",1749,15,0
"2015-11-24T17:55:30-0700,2015-11-24T17:55:30-0700",5331144324,"Professionally Managed, Controlled Access, Amazing Views",1760,,-105.01018,1,39.758716,//denver.craigslist.org/apa/5331144324.html,12,1.0,Nov 24,"2015-11-24T17:55:30-0700,2015-11-24T17:55:30-0700",690,36,0
"2015-10-29T18:12:17-0600,2015-10-29T18:12:17-0600,2015-11-24T18:09:00-0700",5291732559,"Sunny,Beautiful TriLevel in Northglenn near Denver/Thornton",1895,,-104.9407,3,39.9015,//denver.craigslist.org/apa/5291732559.html,15,2.0,Nov 24,"2015-10-29T18:12:17-0600,2015-10-29T18:12:17-0600,2015-11-24T18:09:00-0700",2000,9,0
"2015-11-24T17:41:53-0700,2015-11-24T17:41:53-0700",5331128563,Must SEE STUDIO!,1540,,,0,,//denver.craigslist.org/apa/5331128563.html,11,1.0,Nov 24,"2015-11-24T17:41:53-0700,2015-11-24T17:41:53-0700",565,10,0
"2015-11-24T17:51:29-0700,2015-11-24T17:51:29-0700",5331139821,||Creative Loft Living in RINO Neighborhood!||,1894,,-104.98106,2,39.766985,//denver.craigslist.org/apa/5331139821.html,24,2.0,Nov 24,"2015-11-24T17:51:29-0700,2015-11-24T17:51:29-0700",1071,11,0
"2015-11-19T16:21:48-0700,2015-11-19T16:21:48-0700,2015-11-24T17:45:00-0700",5323579487,"Great 2 Bedroom, spacious rooms",750,,-104.6278,2,38.2441,//pueblo.craigslist.org/apa/5323579487.html,0,,Nov 24,"2015-11-19T16:21:48-0700,2015-11-19T16:21:48-0700,2015-11-24T17:45:00-0700",,19,0
"2015-11-24T17:55:45-0700,2015-11-24T17:55:45-0700,2015-11-24T17:55:46-0700",5331144638,Two Bed/Two Bath Upgraded Apt Home Available NOW!,1435,,-104.882963,2,39.689301,//denver.craigslist.org/apa/5331144638.html,6,2.0,Nov 24,"2015-11-24T17:55:45-0700,2015-11-24T17:55:45-0700,2015-11-24T17:55:46-0700",1120,82,0
"2015-11-11T18:59:46-0700,2015-11-11T18:59:46-0700,2015-11-24T17:52:05-0700",5311758390,"HUGE home for Rent at 7407 Shoreham Dr, Castle Pines, CO",2575,,-104.891952,4,39.470344,//denver.craigslist.org/apa/5311758390.html,8,2.5,Nov 24,"2015-11-11T18:59:46-0700,2015-11-11T18:59:46-0700,2015-11-24T17:52:05-0700",3528,18,0
"2015-11-24T17:57:11-0700,2015-11-24T17:57:11-0700",5331146263,Apartments with W/D & Easy Access to I-25 & Public Transportation,1054,,,1,,//denver.craigslist.org/apa/5331146263.html,16,1.0,Nov 24,"2015-11-24T17:57:11-0700,2015-11-24T17:57:11-0700",1,25,0
"2015-11-24T17:57:15-0700,2015-11-24T17:57:15-0700",5331146321,"Come Look and Lease, Dog Wash and Bark Park, High Ceilings",1540,,-105.027634,2,39.58102,//denver.craigslist.org/apa/5331146321.html,16,2.0,Nov 24,"2015-11-24T17:57:15-0700,2015-11-24T17:57:15-0700",1179,26,0
"2015-11-24T17:34:43-0700,2015-11-24T17:34:43-0700",5331120243,Great Apartment for a Great Price !,1226,,-104.8799,1,39.6123,//denver.craigslist.org/apa/5331120243.html,5,1.0,Nov 24,"2015-11-24T17:34:43-0700,2015-11-24T17:34:43-0700",826,20,0
"2015-11-24T17:57:32-0700,2015-11-24T17:57:32-0700",5331146655,"Fitness Center, Walk-in Closets, Playground, Vinyl Plank Wood Floors",2060,,,2,,//denver.craigslist.org/apa/5331146655.html,23,2.0,Nov 24,"2015-11-24T17:57:32-0700,2015-11-24T17:57:32-0700",1182,21,0
"2015-11-24T17:58:57-0700,2015-11-24T17:58:57-0700",5331148268,"Rooftop Deck, Stainless Steel Appliances, Fitness and Yoga Center",1490,,,1,,//denver.craigslist.org/apa/5331148268.html,20,1.0,Nov 24,"2015-11-24T17:58:57-0700,2015-11-24T17:58:57-0700",872,29,0
"2015-11-18T14:29:06-0700,2015-11-18T14:29:06-0700,2015-11-24T17:57:34-0700",5322041667,"2nd floor, 1 bed 1 bath ~ AVAIL DEC 8",565,,-104.7399,1,38.886,//cosprings.craigslist.org/apa/5322041667.html,20,1.0,Nov 24,"2015-11-18T14:29:06-0700,2015-11-18T14:29:06-0700,2015-11-24T17:57:34-0700",460,18,0
"2015-11-04T16:06:39-0700,2015-11-04T16:06:39-0700,2015-11-24T17:52:45-0700",5300716039,Excellent 3bd 2bth breathtaking carpet,900,,,3,,//denver.craigslist.org/apa/5300716039.html,0,2.0,Nov 24,"2015-11-04T16:06:39-0700,2015-11-04T16:06:39-0700,2015-11-24T17:52:45-0700",1727,2,0
"2015-11-24T17:52:39-0700,2015-11-24T17:52:39-0700",5331141146,Love where you live! Huge floor plans within walking distance of CSU!,1500,,-105.078996,2,40.581428,//fortcollins.craigslist.org/apa/5331141146.html,6,2.0,Nov 24,"2015-11-24T17:52:39-0700,2015-11-24T17:52:39-0700",950,40,0
"2015-11-24T17:54:49-0700,2015-11-24T17:54:49-0700",5331143591,Upgraded 1 Bedroom!! Ready ASAP!!,820,,-104.90186,1,39.697364,//denver.craigslist.org/apa/5331143591.html,4,1.0,Nov 24,"2015-11-24T17:54:49-0700,2015-11-24T17:54:49-0700",570,26,0
"2015-11-11T17:03:46-0700,2015-11-11T17:03:46-0700,2015-11-24T17:55:15-0700",5311617662,"Night Patrol, Skylight, TV Lounge",1195,,-105.144911,1,39.721631,//denver.craigslist.org/apa/5311617662.html,9,1.0,Nov 24,"2015-11-11T17:03:46-0700,2015-11-11T17:03:46-0700,2015-11-24T17:55:15-0700",673,16,0
"2015-11-24T18:01:11-0700,2015-11-24T18:01:11-0700",5331150732,"20 Miles From DIA! Fireplace, Woodstyle Flooring, Available NOW!",1555,,-104.812531,2,39.971398,//denver.craigslist.org/apa/5331150732.html,4,2.0,Nov 24,"2015-11-24T18:01:11-0700,2015-11-24T18:01:11-0700",1189,48,0
"2015-11-24T17:53:22-0700,2015-11-24T17:53:22-0700",5331141968,City and Mountain view in one apartment. Check!,1270,,-104.992308,1,39.709183,//denver.craigslist.org/apa/5331141968.html,14,1.0,Nov 24,"2015-11-24T17:53:22-0700,2015-11-24T17:53:22-0700",584,21,0
"2015-11-24T18:01:49-0700,2015-11-24T18:01:49-0700",5331151420,Get Ready To Move!!,889,,-104.9312,1,39.7086,//denver.craigslist.org/apa/5331151420.html,3,1.0,Nov 24,"2015-11-24T18:01:49-0700,2015-11-24T18:01:49-0700",500,42,0
"2015-11-24T17:53:32-0700,2015-11-24T17:53:32-0700",5331142169,Must See!!! 1 Bed available ASAP!!!,820,,-104.902064,1,39.697488,//denver.craigslist.org/apa/5331142169.html,4,1.0,Nov 24,"2015-11-24T17:53:32-0700,2015-11-24T17:53:32-0700",570,26,0
"2015-11-20T18:06:51-0700,2015-11-20T18:06:51-0700,2015-11-24T17:56:28-0700",5325270819,Amazing rental opportunity just blocks from Cheesman Park. Ready now!,990,,-104.963635,1,39.735978,//denver.craigslist.org/apa/5325270819.html,6,1.0,Nov 24,"2015-11-20T18:06:51-0700,2015-11-20T18:06:51-0700,2015-11-24T17:56:28-0700",545,22,0
"2015-11-15T15:28:21-0700,2015-11-15T15:28:21-0700,2015-11-24T17:59:19-0700",5317458266,1st floor coming available DEC 11th!,555,,-104.756606,1,38.886304,//cosprings.craigslist.org/apa/5317458266.html,20,1.0,Nov 24,"2015-11-15T15:28:21-0700,2015-11-15T15:28:21-0700,2015-11-24T17:59:19-0700",460,18,0
"2015-11-24T18:02:47-0700,2015-11-24T18:02:47-0700",5331152542,Trail Access From this Affordable Townhome with Washer and Dryer,985,,-104.798031,2,38.929593,//cosprings.craigslist.org/apa/5331152542.html,6,1.0,Nov 24,"2015-11-24T18:02:47-0700,2015-11-24T18:02:47-0700",1066,19,0
"2015-11-24T18:02:25-0700,2015-11-24T18:02:25-0700",5331152111,A PATIO WITH AN EXTRA STORAGE AVAILABLE IN THIS 1BR/1.5BA HOME!,1031,,,1,,//cosprings.craigslist.org/apa/5331152111.html,12,1.5,Nov 24,"2015-11-24T18:02:25-0700,2015-11-24T18:02:25-0700",755,16,0
"2015-11-15T11:00:04-0700,2015-11-15T11:00:04-0700,2015-11-24T18:01:34-0700",5317067582,"2 bedroom - Resident Business Center, Putting Green, Balconies",1475,,-104.8972,2,39.5506,//denver.craigslist.org/apa/5317067582.html,10,1.0,Nov 24,"2015-11-15T11:00:04-0700,2015-11-15T11:00:04-0700,2015-11-24T18:01:34-0700",975,8,0
"2015-10-27T17:45:11-0600,2015-10-27T17:45:11-0600,2015-11-24T18:01:31-0700",5288492525,"Kent: Wonderful studio in a great area, ready for immediate move in.",885,,-104.937265,0,39.734531,//denver.craigslist.org/apa/5288492525.html,10,1.0,Nov 24,"2015-10-27T17:45:11-0600,2015-10-27T17:45:11-0600,2015-11-24T18:01:31-0700",462,8,0
"2015-11-24T18:02:52-0700,2015-11-24T18:02:52-0700",5331152607,Wow! Spacious 1 bedroom available soon!,960,,-104.905422,1,39.67781,//denver.craigslist.org/apa/5331152607.html,8,1.0,Nov 24,"2015-11-24T18:02:52-0700,2015-11-24T18:02:52-0700",706,12,0
"2015-11-24T18:04:35-0700,2015-11-24T18:04:35-0700",5331154539,"Two Bed In Cap Hill- High Ceilings, Parking & Storage! Big Savings!",1880,,-104.975352,2,39.732076,//denver.craigslist.org/apa/5331154539.html,17,1.0,Nov 24,"2015-11-24T18:04:35-0700,2015-11-24T18:04:35-0700",852,31,0
"2015-11-24T17:47:43-0700,2015-11-24T17:47:43-0700",5331135392,"||Open, Loft-style 2 Bedroom with Exquisite Views!||",3196,,-104.987926,2,39.730558,//denver.craigslist.org/apa/5331135392.html,22,2.0,Nov 24,"2015-11-24T17:47:43-0700,2015-11-24T17:47:43-0700",1785,9,0
"2015-11-11T10:23:53-0700,2015-11-11T10:23:53-0700,2015-11-24T17:59:57-0700",5310909709,Ask about our 1/2 month free! Sherman Commons!,995,,-104.985028,1,39.716337,//denver.craigslist.org/apa/5310909709.html,12,1.0,Nov 24,"2015-11-11T10:23:53-0700,2015-11-11T10:23:53-0700,2015-11-24T17:59:57-0700",469,5,0
"2015-11-24T18:05:31-0700,2015-11-24T18:05:31-0700",5331155515,Last Two Bedroom Available! - Waiving FEES Plus $500!,1440,,-104.969736,2,39.738386,//denver.craigslist.org/apa/5331155515.html,15,1.0,Nov 24,"2015-11-24T18:05:31-0700,2015-11-24T18:05:31-0700",647,23,0
"2015-11-24T17:50:30-0700,2015-11-24T17:50:30-0700",5331138702,GOLDEN/LAKEWOOD,1595,,-105.164738,3,39.722461,//rockies.craigslist.org/apa/5331138702.html,0,2.5,Nov 24,"2015-11-24T17:50:30-0700,2015-11-24T17:50:30-0700",2400,20,0
"2015-11-24T18:06:07-0700,2015-11-24T18:06:07-0700",5331156153,Pay No Rent Till 2016! Fantastic Special! Large One Bedroom Available!,1199,,-105.114162,1,39.660558,//denver.craigslist.org/apa/5331156153.html,13,1.0,Nov 24,"2015-11-24T18:06:07-0700,2015-11-24T18:06:07-0700",745,59,0
"2015-11-24T18:05:17-0700,2015-11-24T18:05:17-0700",5331155274,Top Floor Two Bedroom... W/D Hookups... Ready NOW,875,,-104.774231,2,38.910293,//cosprings.craigslist.org/apa/5331155274.html,6,1.0,Nov 24,"2015-11-24T18:05:17-0700,2015-11-24T18:05:17-0700",850,24,0
"2015-11-24T18:05:45-0700,2015-11-24T18:05:45-0700",5331155758,2 Bedroom Apartment Available TODAY!,875,,-104.77335,2,38.91174,//cosprings.craigslist.org/apa/5331155758.html,6,1.0,Nov 24,"2015-11-24T18:05:45-0700,2015-11-24T18:05:45-0700",867,23,0
"2015-11-24T18:07:57-0700,2015-11-24T18:07:57-0700",5331158142,24 hour fitness center and garages COMING SOON!!,1051,,-104.842505,2,38.805192,//cosprings.craigslist.org/apa/5331158142.html,8,1.5,Nov 24,"2015-11-24T18:07:57-0700,2015-11-24T18:07:57-0700",915,12,0
"2015-11-24T18:01:22-0700,2015-11-24T18:01:22-0700",5331150949,VAIL VALLEY-WEEKEND RENTAL (Every weekend of the Season),1000,,-106.587625,1,39.648571,//denver.craigslist.org/apa/5331150949.html,8,,Nov 24,"2015-11-24T18:01:22-0700,2015-11-24T18:01:22-0700",,31,0
"2015-11-24T18:08:29-0700,2015-11-24T18:08:29-0700",5331158720,Don't miss this fabulous apartment home in Highly Desirable Location!,1270,,-104.871712,1,39.551111,//denver.craigslist.org/apa/5331158720.html,2,1.0,Nov 24,"2015-11-24T18:08:29-0700,2015-11-24T18:08:29-0700",970,24,0
"2015-11-24T18:06:40-0700,2015-11-24T18:06:40-0700",5331156759,"Walk to Trader Joe's and Safeway, Pablo's Coffee and Angelo's Nearby!",1430,,-104.977636,1,39.724087,//denver.craigslist.org/apa/5331156759.html,18,1.0,Nov 24,"2015-11-24T18:06:40-0700,2015-11-24T18:06:40-0700",702,14,0
"2015-11-15T10:36:06-0700,2015-11-15T10:36:06-0700,2015-11-24T17:58:31-0700",5317031756,LIMITED AVAILABILITY - Reserve today!,530,,-104.7399,1,38.886,//cosprings.craigslist.org/apa/5317031756.html,20,1.0,Nov 24,"2015-11-15T10:36:06-0700,2015-11-15T10:36:06-0700,2015-11-24T17:58:31-0700",460,18,0
"2015-11-21T12:21:26-0700,2015-11-21T12:21:26-0700,2015-11-24T18:03:52-0700",5326259830,Fantastic Remodel by Fitzimons/University Hospital,1495,,-104.881147,3,39.737713,//denver.craigslist.org/apa/5326259830.html,15,1.0,Nov 24,"2015-11-21T12:21:26-0700,2015-11-21T12:21:26-0700,2015-11-24T18:03:52-0700",1468,2,0
"2015-11-24T17:46:59-0700,2015-11-24T17:46:59-0700",5331134535,Luxury upgrades with bamboo flooring track lighting and much more!,1845,,,1,,//denver.craigslist.org/apa/5331134535.html,11,1.0,Nov 24,"2015-11-24T17:46:59-0700,2015-11-24T17:46:59-0700",715,11,0
"2015-11-24T18:09:19-0700,2015-11-24T18:09:19-0700",5331159653,3-2-2 Longmont Idaho Creek $1550,1550,,-104.987748,3,40.157679,//boulder.craigslist.org/apa/5331159653.html,3,,Nov 24,"2015-11-24T18:09:19-0700,2015-11-24T18:09:19-0700",,1,0
"2015-11-24T17:54:39-0700,2015-11-24T17:54:39-0700",5331143402,"One-Bedroom, One-Bathroom Home with Updated Lighting",1320,,,1,,//denver.craigslist.org/apa/5331143402.html,5,1.0,Nov 24,"2015-11-24T17:54:39-0700,2015-11-24T17:54:39-0700",1055,20,0
"2015-11-24T18:08:52-0700,2015-11-24T18:08:52-0700",5331159163,Don't miss out apartments going quick!!,896,,-104.842505,1,38.805192,//cosprings.craigslist.org/apa/5331159163.html,7,1.0,Nov 24,"2015-11-24T18:08:52-0700,2015-11-24T18:08:52-0700",610,27,0
"2015-11-24T18:07:51-0700,2015-11-24T18:07:51-0700",5331158019,"Coffee Caf√©, Elevators, Hot Tub, Designer Glass Back Splash",2075,,,2,,//denver.craigslist.org/apa/5331158019.html,23,2.0,Nov 24,"2015-11-24T18:07:51-0700,2015-11-24T18:07:51-0700",1250,29,0
"2015-11-24T18:08:41-0700,2015-11-24T18:08:41-0700",5331158944,One Bedroom Townhome With Garage Ready Now!,1622,,-104.931491,1,39.703812,//denver.craigslist.org/apa/5331158944.html,6,1.0,Nov 24,"2015-11-24T18:08:41-0700,2015-11-24T18:08:41-0700",831,25,0
"2015-11-24T18:10:14-0700,2015-11-24T18:10:14-0700",5331160685,Spacious and inviting 1bd/1ba centrally located! W/D included!!,1156,,-104.870759,1,39.669856,//denver.craigslist.org/apa/5331160685.html,6,1.0,Nov 24,"2015-11-24T18:10:14-0700,2015-11-24T18:10:14-0700",910,53,0
"2015-11-24T18:12:28-0700,2015-11-24T18:12:28-0700",5331163048,"Shimmering Pool, Pets Welcome, Close to Shopping",2707,,-104.944873,2,39.710465,//denver.craigslist.org/apa/5331163048.html,6,2.0,Nov 24,"2015-11-24T18:12:28-0700,2015-11-24T18:12:28-0700",1156,38,0
"2015-11-16T11:55:42-0700,2015-11-16T11:55:42-0700,2015-11-24T18:05:57-0700",5318650523,"Air Conditioning, Modern 1, 2 & 3 Bedroom Floor Plans, Walk in Closets",,,-104.962798,1,39.884979,//denver.craigslist.org/apa/5318650523.html,11,1.0,Nov 24,"2015-11-16T11:55:42-0700,2015-11-16T11:55:42-0700,2015-11-24T18:05:57-0700",742,23,0
