5332409882,,
5332410285,,
5332410369,,
5332409342,,
5332410853,,
5332318227,,
5325721577,,
5332397747,,
5332396640,,
5332398594,,
5332405290,,
5332184730,,
5332281623,,
5332441054,,
5332370001,,
5332194253,,
5332130256,,
5332241256,,
5332134286,,
5332178786,,
5332274993,,
5314754875,,
5332191602,,
5327651837,,
5332284268,,
5332283713,,
5332278069,,
5332253769,,
5321298024,,
5332273743,,
5332201600,,
5332290971,,
5332402882,,
5310995438,,
5332394345,,
5332306483,,
5321794823,,
5310984273,,
5332124001,,
5332143019,,
5332143101,,
5332302895,,
5332300767,,
5332259146,,
5332303272,,
5332288738,,
5300235034,,
5332416209,,
5332380936,,
5332304359,,
5332416945,,
5332141417,,
5311744141,,
5332146627,,
5332118751,,
5332149582,,
5332323370,,
5320682711,,
5332091431,,
5332149449,,
5332297686,,
5319192109,,
5332149797,,
5328925047,,
5300260623,,
5329048353,,
5332295459,,
5332307978,,
5329198791,,
5322308637,,
5319196772,,
5319195493,,
5311414794,,
5332199289,,
5321996060,,
5332195169,,
5332160468,,
5311746938,,
5301718922,,
5313200208,,
5332419114,,
5332375921,,
5332419106,,
5332403009,,
5332151814,,
5326266498,,
5289785470,,
5332152713,,
5332152933,,
5321955231,,
5329138916,,
5326062431,,
5329079757,,
5332308610,,
5329173628,,
5329292595,,
5326910574,,
5307938263,,
5318630354,,
5332311166,,
5308304355,,
5302340498,,
5288298102,,
5332207899,,
5332180939,,
5332190423,,
5300324663,,
5302073076,,
5332136365,,
5332421243,,
5293831835,,
5332299501,,
5332190118,,
5293837469,,
5305806176,,
5322195991,,
5332154345,,
5297839299,,
5301179895,,
5331974422,,
5328885661,,
5332154614,,
5332341814,,
5332315943,,
5332301117,,
5332353187,,
5323880469,,
5322999804,,
5332301312,,
5309178992,,
5323606583,,
5320114047,,
5332316857,,
5291205774,,
5322298212,,
5307630400,,
5332194662,,
5308654689,,
5290067255,,
5311737933,,
5332214866,,
5322291323,,
5332316201,,
5322285345,,
5293872399,,
5322303307,,
5332156757,,
5332157994,,
5322285712,,
5310992810,,
5300299217,,
5302094366,,
5332088198,,
5332140086,,
5332346251,,
5332358056,,
5332358378,,
5332328032,,
5332163051,,
5332351526,,
5332347815,,
5319307408,,
5332344456,,
5332319161,,
5318435332,,
5319304092,,
5319322018,,
5322863629,,
5332218929,,
5332217847,,
5322550203,,
5291680379,,
5327498526,,
5324399960,,
5294556032,,
5300334447,,
5294550856,,
5300284452,,
5332407264,,
5332408664,,
5299300501,,
5305803320,,
5297844481,,
5332161406,,
5332126140,,
5304286310,,
5332157565,,
5332148378,,
5332198952,,
5332325600,,
5332362862,,
5332354371,,
5332364441,,
5332278605,,
5320229610,,
5332356661,,
5332263187,,
5320119131,,
5318558046,,
5318507892,,
5332220643,,
5332320480,,
5324582968,,
5332220673,,
5325720658,,
5332208572,,
5332224803,,
5326524684,,
5332204172,,
5299297817,,
5299295888,,
5311742294,,
5322329080,,
5295280028,,
5296268447,,
5296270978,,
5332167275,,
5332149851,,
5332170142,,
5328570598,,
5332170797,,
5332158530,,
5332162106,,
5315989975,,
5332358584,,
5332371237,,
5332365224,,
5332349272,,
5332308898,,
5332321238,,
5332373621,,
5332310783,,
5323665578,,
5332364910,,
5332292552,,
5332322426,,
5332323553,,
5332221005,,
5320576947,,
5311682388,,
5322361085,,
5313991398,,
5318526071,,
5329031995,,
5287761801,,
5306086905,,
5329298317,,
5294311117,,
5332164278,,
5332174124,,
5296272849,,
5332174699,,
5304044441,,
5332331847,,
5332175483,,
5323610621,,
5303853427,,
5332293933,,
5328323639,,
5332378461,,
5332377454,,
5316762216,,
5332306702,,
5332328464,,
5332328411,,
5332307417,,
5332317762,,
5329141542,,
5332221232,,
5332078516,,
5318532048,,
5332211999,,
5324611029,,
5326627242,,
5300345777,,
5294528666,,
5294536512,,
5329299861,,
5294511728,,
5295460011,,
5325034907,,
5325037130,,
5328321085,,
5328324040,,
5328980083,,
5328885201,,
5332296253,,
5332380442,,
5332377098,,
5332328980,,
5332349348,,
5332288727,,
5308659499,,
5332317403,,
5332289040,,
5332330426,,
5324965994,,
5332316631,,
5332236809,,
5296707011,,
5332201107,,
5326627313,,
5300421208,,
5300472518,,
5332229041,,
5321566184,,
5311227895,,
5289420449,,
5332428511,,
5295312567,,
5328879901,,
5324889889,,
5332419070,,
5295380798,,
5324891475,,
5332387561,,
5297303032,,
5308194367,,
5303565668,,
5332379226,,
5304238125,,
5332289102,,
5332387814,,
5328825880,,
5332332672,,
5332332843,,
5332309719,,
5332202396,,
5332333251,,
5332182221,,
5332239301,,
5332226774,,
5332241937,,
5332244971,,
5321576122,,
5296279405,,
5332214232,,
5296274371,,
5296276156,,
5332430132,,
5320701282,,
5321573227,,
5320705779,,
5296780638,,
5322218644,,
5332180446,,
5332138533,,
5332291346,,
5315994990,,
5332388928,,
5332383125,,
5332392714,,
5332335533,,
5332389062,,
5332317196,,
5332333787,,
5332333814,,
5328940448,,
5332320536,,
5332233737,,
5332222115,,
5329244667,,
5332247112,,
5332336007,,
5332233629,,
5332379396,,
5315502131,,
5332249754,,
5332417585,,
5321567143,,
5322036104,,
5332252928,,
5332181179,,
5332166858,,
5332181804,,
5332172480,,
5332173302,,
5310040434,,
5332380687,,
5332432779,,
5332351068,,
5332395068,,
5332379654,,
5332340162,,
5332387262,,
5332390780,,
5332275824,,
5332306306,,
5332340264,,
5300713226,,
5328737625,,
5318616010,,
5332259254,,
5294558504,,
5332246072,,
5302684101,,
5332263927,,
5322043363,,
5321982643,,
5332420466,,
5305804313,,
5311758670,,
5322352664,,
5332428181,,
5332435285,,
5332158296,,
5314173997,,
5301188631,,
5318629644,,
5314172857,,
5332385986,,
5332399829,,
5324961976,,
5324806667,,
5332332521,,
5332329279,,
5332344326,,
5320361449,,
5289425247,,
5332393722,,
5332266287,,
5332435719,,
5304224730,,
5332268414,,
5325222989,,
5325205915,,
5332435758,,
5332435455,,
5332436418,,
5332178999,,
5332173207,,
5332188486,,
5301762264,,
5332160481,,
5321275580,,
5332423785,,
5332345063,,
5293121589,,
5295770999,,
5332401313,,
5332394672,,
5332402537,,
5323999638,,
5313558463,,
5311394116,,
5332346617,,
5324749955,,
5332252586,,
5323695707,,
5328573950,,
5323386225,,
5332436607,,
5332436721,,
5332437162,,
5332128113,,
5332436728,,
5332389944,,
5332177524,,
5332189677,,
5332184039,,
5324844592,,
5309358338,,
5332159024,,
5332359139,,
5332403701,,
5291248703,,
5332346711,,
5332336712,,
5320105459,,
5332343721,,
5332349123,,
5323260623,,
5322280806,,
5321904486,,
5332349751,,
5321899927,,
5332429443,,
5332251452,,
5332438322,,
5332434647,,
5332439158,,
5332439689,,
5309442419,,
5332404087,,
5292649581,,
5317680673,,
5332388653,,
5314171338,,
5332249252,,
5332273204,,
5332279384,,
5332247741,,
5332277283,,
5332388689,,
5328977542,,
5332278705,,
5332320932,,
5332435071,,
5332440204,,
5332440649,,