5332409882,,,LA,CA,90001,3650,,/wst/apa/5332409882.html
5332410285,,,LA,CA,90001,3080,,/wst/apa/5332410285.html
5332410369,,,LA,CA,90001,2330,,/wst/apa/5332410369.html
5332409342,,,LA,CA,90001,2610,,/wst/apa/5332409342.html
5332410853,,,LA,CA,90001,1495,,/wst/apa/5332410853.html
5332318227,,,LA,CA,90001,1550,,/wst/apa/5332318227.html
5325721577,,,LA,CA,90001,1026,,/wst/apa/5325721577.html
5332397747,,,LA,CA,90001,3195,,/wst/apa/5332397747.html
5332396640,,,LA,CA,90001,10454,,/wst/apa/5332396640.html
5332398594,,,LA,CA,90001,7831,,/wst/apa/5332398594.html
5332405290,,,LA,CA,90001,2038,,/wst/apa/5332405290.html
5332184730,,,LA,CA,90001,3098,,/wst/apa/5332184730.html
5332281623,,,LA,CA,90001,2555,,/wst/apa/5332281623.html
5332441054,,,LA,CA,90001,975,,/wst/apa/5332441054.html
5332370001,,,LA,CA,90001,1215,,/wst/apa/5332370001.html
5332194253,,,LA,CA,90001,975,,/wst/apa/5332194253.html
5332130256,,,LA,CA,90001,1750,,/wst/apa/5332130256.html
5332241256,,,LA,CA,90001,1450,,/wst/apa/5332241256.html
5332134286,,,LA,CA,90001,2895,,/wst/apa/5332134286.html
5332178786,,,LA,CA,90001,2655,,/wst/apa/5332178786.html
5332274993,,,LA,CA,90001,2700,,/wst/apa/5332274993.html
5314754875,,,LA,CA,90001,1059,,/wst/apa/5314754875.html
5332191602,,,LA,CA,90001,2775,,/wst/apa/5332191602.html
5327651837,,,LA,CA,90001,3150,,/wst/apa/5327651837.html
5332284268,,,LA,CA,90001,4500,,/wst/apa/5332284268.html
5332283713,,,LA,CA,90001,2901,,/wst/apa/5332283713.html
5332278069,,,LA,CA,90001,1795,,/wst/apa/5332278069.html
5332253769,,,LA,CA,90001,2900,,/wst/apa/5332253769.html
5321298024,,,LA,CA,90001,2000,,/wst/apa/5321298024.html
5332273743,,,LA,CA,90001,7900,,/wst/apa/5332273743.html
5332201600,,,LA,CA,90001,4450,,/wst/apa/5332201600.html
5332290971,,,LA,CA,90001,1825,,/wst/apa/5332290971.html
5332402882,,,LA,CA,90001,3077,,/wst/apa/5332402882.html
5310995438,,,LA,CA,90001,1900,,/wst/apa/5310995438.html
5332394345,,,LA,CA,90001,2995,,/wst/apa/5332394345.html
5332306483,,,LA,CA,90001,675,,/wst/apa/5332306483.html
5321794823,,,LA,CA,90001,1950,,/wst/apa/5321794823.html
5310984273,,,LA,CA,90001,3200,,/wst/apa/5310984273.html
5332124001,,,LA,CA,90001,2404,,/wst/apa/5332124001.html
5332143019,,,LA,CA,90001,1695,,/wst/apa/5332143019.html
5332143101,,,LA,CA,90001,2975,,/wst/apa/5332143101.html
5332302895,,,LA,CA,90001,1789,,/wst/apa/5332302895.html
5332300767,,,LA,CA,90001,1595,,/wst/apa/5332300767.html
5332259146,,,LA,CA,90001,830,,/wst/apa/5332259146.html
5332303272,,,LA,CA,90001,3660,,/wst/apa/5332303272.html
5332288738,,,LA,CA,90001,1090,,/wst/apa/5332288738.html
5300235034,,,LA,CA,90001,2450,,/wst/apa/5300235034.html
5332416209,,,LA,CA,90001,4200,,/wst/apa/5332416209.html
5332380936,,,LA,CA,90001,2650,,/wst/apa/5332380936.html
5332304359,,,LA,CA,90001,900,,/wst/apa/5332304359.html
5332416945,,,LA,CA,90001,2975,,/wst/apa/5332416945.html
5332141417,,,LA,CA,90001,1075,,/wst/apa/5332141417.html
5311744141,,,LA,CA,90001,4500,,/wst/apa/5311744141.html
5332146627,,,LA,CA,90001,2590,,/wst/apa/5332146627.html
5332118751,,,LA,CA,90001,3319,,/wst/apa/5332118751.html
5332149582,,,LA,CA,90001,1995,,/wst/apa/5332149582.html
5332323370,,,LA,CA,90001,1600,,/wst/apa/5332323370.html
5320682711,,,LA,CA,90001,1550,,/wst/apa/5320682711.html
5332091431,,,LA,CA,90001,3250,,/wst/apa/5332091431.html
5332149449,,,LA,CA,90001,3496,,/wst/apa/5332149449.html
5332297686,,,LA,CA,90001,3497,,/wst/apa/5332297686.html
5319192109,,,LA,CA,90001,5795,,/wst/apa/5319192109.html
5332149797,,,LA,CA,90001,2745,,/wst/apa/5332149797.html
5328925047,,,LA,CA,90001,1595,,/wst/apa/5328925047.html
5300260623,,,LA,CA,90001,1660,,/wst/apa/5300260623.html
5329048353,,,LA,CA,90001,2650,,/wst/apa/5329048353.html
5332295459,,,LA,CA,90001,1700,,/wst/apa/5332295459.html
5332307978,,,LA,CA,90001,1795,,/wst/apa/5332307978.html
5329198791,,,LA,CA,90001,1495,,/wst/apa/5329198791.html
5322308637,,,LA,CA,90001,2450,,/wst/apa/5322308637.html
5319196772,,,LA,CA,90001,5795,,/wst/apa/5319196772.html
5319195493,,,LA,CA,90001,5795,,/wst/apa/5319195493.html
5311414794,,,LA,CA,90001,4800,,/wst/apa/5311414794.html
5332199289,,,LA,CA,90001,1499,,/wst/apa/5332199289.html
5321996060,,,LA,CA,90001,3200,,/wst/apa/5321996060.html
5332195169,,,LA,CA,90001,5288,,/wst/apa/5332195169.html
5332160468,,,LA,CA,90001,795,,/wst/apa/5332160468.html
5311746938,,,LA,CA,90001,2800,,/wst/apa/5311746938.html
5301718922,,,LA,CA,90001,5600,,/wst/apa/5301718922.html
5313200208,,,LA,CA,90001,4800,,/wst/apa/5313200208.html
5332419114,,,LA,CA,90001,3195,,/wst/apa/5332419114.html
5332375921,,,LA,CA,90001,4995,,/wst/apa/5332375921.html
5332419106,,,LA,CA,90001,2804,,/wst/apa/5332419106.html
5332403009,,,LA,CA,90001,2700,,/wst/apa/5332403009.html
5332151814,,,LA,CA,90001,2235,,/wst/apa/5332151814.html
5326266498,,,LA,CA,90001,2395,,/wst/apa/5326266498.html
5289785470,,,LA,CA,90001,1750,,/wst/apa/5289785470.html
5332152713,,,LA,CA,90001,2455,,/wst/apa/5332152713.html
5332152933,,,LA,CA,90001,1945,,/wst/apa/5332152933.html
5321955231,,,LA,CA,90001,5500,,/wst/apa/5321955231.html
5329138916,,,LA,CA,90001,1375,,/wst/apa/5329138916.html
5326062431,,,LA,CA,90001,1495,,/wst/apa/5326062431.html
5329079757,,,LA,CA,90001,2295,,/wst/apa/5329079757.html
5332308610,,,LA,CA,90001,1500,,/wst/apa/5332308610.html
5329173628,,,LA,CA,90001,1395,,/wst/apa/5329173628.html
5329292595,,,LA,CA,90001,1595,,/wst/apa/5329292595.html
5326910574,,,LA,CA,90001,2295,,/wst/apa/5326910574.html
5307938263,,,LA,CA,90001,2225,,/wst/apa/5307938263.html
5318630354,,,LA,CA,90001,1675,,/wst/apa/5318630354.html
5332311166,,,LA,CA,90001,1785,,/wst/apa/5332311166.html
5308304355,,,LA,CA,90001,1180,,/wst/apa/5308304355.html
5302340498,,,LA,CA,90001,3095,,/wst/apa/5302340498.html
5288298102,,,LA,CA,90001,7500,,/wst/apa/5288298102.html
5332207899,,,LA,CA,90001,3200,,/wst/apa/5332207899.html
5332180939,,,LA,CA,90001,1500,,/wst/apa/5332180939.html
5332190423,,,LA,CA,90001,4835,,/wst/apa/5332190423.html
5300324663,,,LA,CA,90001,3000,,/wst/apa/5300324663.html
5302073076,,,LA,CA,90001,7510,,/wst/apa/5302073076.html
5332136365,,,LA,CA,90001,2125,,/wst/apa/5332136365.html
5332421243,,,LA,CA,90001,5121,,/wst/apa/5332421243.html
5293831835,,,LA,CA,90001,4708,,/wst/apa/5293831835.html
5332299501,,,LA,CA,90001,895,,/wst/apa/5332299501.html
5332190118,,,LA,CA,90001,2125,,/wst/apa/5332190118.html
5293837469,,,LA,CA,90001,5710,,/wst/apa/5293837469.html
5305806176,,,LA,CA,90001,1695,,/wst/apa/5305806176.html
5322195991,,,LA,CA,90001,10510,,/wst/apa/5322195991.html
5332154345,,,LA,CA,90001,4500,,/wst/apa/5332154345.html
5297839299,,,LA,CA,90001,2300,,/wst/apa/5297839299.html
5301179895,,,LA,CA,90001,3000,,/wst/apa/5301179895.html
5331974422,,,LA,CA,90001,679,,/wst/apa/5331974422.html
5328885661,,,LA,CA,90001,2750,,/wst/apa/5328885661.html
5332154614,,,LA,CA,90001,1950,,/wst/apa/5332154614.html
5332341814,,,LA,CA,90001,1485,,/wst/apa/5332341814.html
5332315943,,,LA,CA,90001,1500,,/wst/apa/5332315943.html
5332301117,,,LA,CA,90001,1450,,/wst/apa/5332301117.html
5332353187,,,LA,CA,90001,2120,,/wst/apa/5332353187.html
5323880469,,,LA,CA,90001,2525,,/wst/apa/5323880469.html
5322999804,,,LA,CA,90001,1995,,/wst/apa/5322999804.html
5332301312,,,LA,CA,90001,1700,,/wst/apa/5332301312.html
5309178992,,,LA,CA,90001,4695,,/wst/apa/5309178992.html
5323606583,,,LA,CA,90001,1800,,/wst/apa/5323606583.html
5320114047,,,LA,CA,90001,1785,,/wst/apa/5320114047.html
5332316857,,,LA,CA,90001,1350,,/wst/apa/5332316857.html
5291205774,,,LA,CA,90001,2300,,/wst/apa/5291205774.html
5322298212,,,LA,CA,90001,3150,,/wst/apa/5322298212.html
5307630400,,,LA,CA,90001,1675,,/wst/apa/5307630400.html
5332194662,,,LA,CA,90001,3835,,/wst/apa/5332194662.html
5308654689,,,LA,CA,90001,1650,,/wst/apa/5308654689.html
5290067255,,,LA,CA,90001,2900,,/wst/apa/5290067255.html
5311737933,,,LA,CA,90001,2000,,/wst/apa/5311737933.html
5332214866,,,LA,CA,90001,2635,,/wst/apa/5332214866.html
5322291323,,,LA,CA,90001,15005,,/wst/apa/5322291323.html
5332316201,,,LA,CA,90001,1200,,/wst/apa/5332316201.html
5322285345,,,LA,CA,90001,15010,,/wst/apa/5322285345.html
5293872399,,,LA,CA,90001,9998,,/wst/apa/5293872399.html
5322303307,,,LA,CA,90001,7505,,/wst/apa/5322303307.html
5332156757,,,LA,CA,90001,2850,,/wst/apa/5332156757.html
5332157994,,,LA,CA,90001,3896,,/wst/apa/5332157994.html
5322285712,,,LA,CA,90001,3550,,/wst/apa/5322285712.html
5310992810,,,LA,CA,90001,1175,,/wst/apa/5310992810.html
5300299217,,,LA,CA,90001,2000,,/wst/apa/5300299217.html
5302094366,,,LA,CA,90001,2950,,/wst/apa/5302094366.html
5332088198,,,LA,CA,90001,4100,,/wst/apa/5332088198.html
5332140086,,,LA,CA,90001,2278,,/wst/apa/5332140086.html
5332346251,,,LA,CA,90001,2700,,/wst/apa/5332346251.html
5332358056,,,LA,CA,90001,2855,,/wst/apa/5332358056.html
5332358378,,,LA,CA,90001,3260,,/wst/apa/5332358378.html
5332328032,,,LA,CA,90001,7500,,/wst/apa/5332328032.html
5332163051,,,LA,CA,90001,795,,/wst/apa/5332163051.html
5332351526,,,LA,CA,90001,2650,,/wst/apa/5332351526.html
5332347815,,,LA,CA,90001,2100,,/wst/apa/5332347815.html
5319307408,,,LA,CA,90001,1785,,/wst/apa/5319307408.html
5332344456,,,LA,CA,90001,1995,,/wst/apa/5332344456.html
5332319161,,,LA,CA,90001,3725,,/wst/apa/5332319161.html
5318435332,,,LA,CA,90001,1785,,/wst/apa/5318435332.html
5319304092,,,LA,CA,90001,1785,,/wst/apa/5319304092.html
5319322018,,,LA,CA,90001,1785,,/wst/apa/5319322018.html
5322863629,,,LA,CA,90001,2350,,/wst/apa/5322863629.html
5332218929,,,LA,CA,90001,2095,,/wst/apa/5332218929.html
5332217847,,,LA,CA,90001,2695,,/wst/apa/5332217847.html
5322550203,,,LA,CA,90001,299,,/wst/apa/5322550203.html
5291680379,,,LA,CA,90001,1335,,/wst/apa/5291680379.html
5327498526,,,LA,CA,90001,299,,/wst/apa/5327498526.html
5324399960,,,LA,CA,90001,299,,/wst/apa/5324399960.html
5294556032,,,LA,CA,90001,12960,,/wst/apa/5294556032.html
5300334447,,,LA,CA,90001,5900,,/wst/apa/5300334447.html
5294550856,,,LA,CA,90001,20010,,/wst/apa/5294550856.html
5300284452,,,LA,CA,90001,2850,,/wst/apa/5300284452.html
5332407264,,,LA,CA,90001,2278,,/wst/apa/5332407264.html
5332408664,,,LA,CA,90001,7795,,/wst/apa/5332408664.html
5299300501,,,LA,CA,90001,5305,,/wst/apa/5299300501.html
5305803320,,,LA,CA,90001,1695,,/wst/apa/5305803320.html
5297844481,,,LA,CA,90001,2300,,/wst/apa/5297844481.html
5332161406,,,LA,CA,90001,3696,,/wst/apa/5332161406.html
5332126140,,,LA,CA,90001,2825,,/wst/apa/5332126140.html
5304286310,,,LA,CA,90001,3000,,/wst/apa/5304286310.html
5332157565,,,LA,CA,90001,1995,,/wst/apa/5332157565.html
5332148378,,,LA,CA,90001,2300,,/wst/apa/5332148378.html
5332198952,,,LA,CA,90001,1100,,/wst/apa/5332198952.html
5332325600,,,LA,CA,90001,7800,,/wst/apa/5332325600.html
5332362862,,,LA,CA,90001,1950,,/wst/apa/5332362862.html
5332354371,,,LA,CA,90001,2795,,/wst/apa/5332354371.html
5332364441,,,LA,CA,90001,1900,,/wst/apa/5332364441.html
5332278605,,,LA,CA,90001,1250,,/wst/apa/5332278605.html
5320229610,,,LA,CA,90001,1785,,/wst/apa/5320229610.html
5332356661,,,LA,CA,90001,2485,,/wst/apa/5332356661.html
5332263187,,,LA,CA,90001,1095,,/wst/apa/5332263187.html
5320119131,,,LA,CA,90001,1785,,/wst/apa/5320119131.html
5318558046,,,LA,CA,90001,1785,,/wst/apa/5318558046.html
5318507892,,,LA,CA,90001,1785,,/wst/apa/5318507892.html
5332220643,,,LA,CA,90001,2755,,/wst/apa/5332220643.html
5332320480,,,LA,CA,90001,1425,,/wst/apa/5332320480.html
5324582968,,,LA,CA,90001,3100,,/wst/apa/5324582968.html
5332220673,,,LA,CA,90001,3835,,/wst/apa/5332220673.html
5325720658,,,LA,CA,90001,2400,,/wst/apa/5325720658.html
5332208572,,,LA,CA,90001,1525,,/wst/apa/5332208572.html
5332224803,,,LA,CA,90001,2892,,/wst/apa/5332224803.html
5326524684,,,LA,CA,90001,3600,,/wst/apa/5326524684.html
5332204172,,,LA,CA,90001,1450,,/wst/apa/5332204172.html
5299297817,,,LA,CA,90001,4260,,/wst/apa/5299297817.html
5299295888,,,LA,CA,90001,4010,,/wst/apa/5299295888.html
5311742294,,,LA,CA,90001,3400,,/wst/apa/5311742294.html
5322329080,,,LA,CA,90001,2875,,/wst/apa/5322329080.html
5295280028,,,LA,CA,90001,11010,,/wst/apa/5295280028.html
5296268447,,,LA,CA,90001,15010,,/wst/apa/5296268447.html
5296270978,,,LA,CA,90001,4285,,/wst/apa/5296270978.html
5332167275,,,LA,CA,90001,1350,,/wst/apa/5332167275.html
5332149851,,,LA,CA,90001,2300,,/wst/apa/5332149851.html
5332170142,,,LA,CA,90001,5470,,/wst/apa/5332170142.html
5328570598,,,LA,CA,90001,2750,,/wst/apa/5328570598.html
5332170797,,,LA,CA,90001,3498,,/wst/apa/5332170797.html
5332158530,,,LA,CA,90001,1995,,/wst/apa/5332158530.html
5332162106,,,LA,CA,90001,1320,,/wst/apa/5332162106.html
5315989975,,,LA,CA,90001,1595,,/wst/apa/5315989975.html
5332358584,,,LA,CA,90001,2761,,/wst/apa/5332358584.html
5332371237,,,LA,CA,90001,2050,,/wst/apa/5332371237.html
5332365224,,,LA,CA,90001,1780,,/wst/apa/5332365224.html
5332349272,,,LA,CA,90001,1900,,/wst/apa/5332349272.html
5332308898,,,LA,CA,90001,2525,,/wst/apa/5332308898.html
5332321238,,,LA,CA,90001,1525,,/wst/apa/5332321238.html
5332373621,,,LA,CA,90001,3035,,/wst/apa/5332373621.html
5332310783,,,LA,CA,90001,1795,,/wst/apa/5332310783.html
5323665578,,,LA,CA,90001,1675,,/wst/apa/5323665578.html
5332364910,,,LA,CA,90001,2311,,/wst/apa/5332364910.html
5332292552,,,LA,CA,90001,3545,,/wst/apa/5332292552.html
5332322426,,,LA,CA,90001,1705,,/wst/apa/5332322426.html
5332323553,,,LA,CA,90001,1300,,/wst/apa/5332323553.html
5332221005,,,LA,CA,90001,1275,,/wst/apa/5332221005.html
5320576947,,,LA,CA,90001,1839,,/wst/apa/5320576947.html
5311682388,,,LA,CA,90001,1730,,/wst/apa/5311682388.html
5322361085,,,LA,CA,90001,1900,,/wst/apa/5322361085.html
5313991398,,,LA,CA,90001,1575,,/wst/apa/5313991398.html
5318526071,,,LA,CA,90001,2577,,/wst/apa/5318526071.html
5329031995,,,LA,CA,90001,2375,,/wst/apa/5329031995.html
5287761801,,,LA,CA,90001,1665,,/wst/apa/5287761801.html
5306086905,,,LA,CA,90001,6010,,/wst/apa/5306086905.html
5329298317,,,LA,CA,90001,1765,,/wst/apa/5329298317.html
5294311117,,,LA,CA,90001,13005,,/wst/apa/5294311117.html
5332164278,,,LA,CA,90001,3289,,/wst/apa/5332164278.html
5332174124,,,LA,CA,90001,1400,,/wst/apa/5332174124.html
5296272849,,,LA,CA,90001,15010,,/wst/apa/5296272849.html
5332174699,,,LA,CA,90001,3725,,/wst/apa/5332174699.html
5304044441,,,LA,CA,90001,4000,,/wst/apa/5304044441.html
5332331847,,,LA,CA,90001,155,,/wst/apa/5332331847.html
5332175483,,,LA,CA,90001,1400,,/wst/apa/5332175483.html
5323610621,,,LA,CA,90001,1675,,/wst/apa/5323610621.html
5303853427,,,LA,CA,90001,2495,,/wst/apa/5303853427.html
5332293933,,,LA,CA,90001,1375,,/wst/apa/5332293933.html
5328323639,,,LA,CA,90001,5500,,/wst/apa/5328323639.html
5332378461,,,LA,CA,90001,1867,,/wst/apa/5332378461.html
5332377454,,,LA,CA,90001,2345,,/wst/apa/5332377454.html
5316762216,,,LA,CA,90001,2395,,/wst/apa/5316762216.html
5332306702,,,LA,CA,90001,2475,,/wst/apa/5332306702.html
5332328464,,,LA,CA,90001,2180,,/wst/apa/5332328464.html
5332328411,,,LA,CA,90001,700,,/wst/apa/5332328411.html
5332307417,,,LA,CA,90001,2925,,/wst/apa/5332307417.html
5332317762,,,LA,CA,90001,1125,,/wst/apa/5332317762.html
5329141542,,,LA,CA,90001,3125,,/wst/apa/5329141542.html
5332221232,,,LA,CA,90001,5195,,/wst/apa/5332221232.html
5332078516,,,LA,CA,90001,2950,,/wst/apa/5332078516.html
5318532048,,,LA,CA,90001,925,,/wst/apa/5318532048.html
5332211999,,,LA,CA,90001,945,,/wst/apa/5332211999.html
5324611029,,,LA,CA,90001,2400,,/wst/apa/5324611029.html
5326627242,,,LA,CA,90001,400,,/wst/apa/5326627242.html
5300345777,,,LA,CA,90001,2500,,/wst/apa/5300345777.html
5294528666,,,LA,CA,90001,16510,,/wst/apa/5294528666.html
5294536512,,,LA,CA,90001,5010,,/wst/apa/5294536512.html
5329299861,,,LA,CA,90001,1765,,/wst/apa/5329299861.html
5294511728,,,LA,CA,90001,6510,,/wst/apa/5294511728.html
5295460011,,,LA,CA,90001,4760,,/wst/apa/5295460011.html
5325034907,,,LA,CA,90001,1400,,/wst/apa/5325034907.html
5325037130,,,LA,CA,90001,1400,,/wst/apa/5325037130.html
5328321085,,,LA,CA,90001,3400,,/wst/apa/5328321085.html
5328324040,,,LA,CA,90001,6500,,/wst/apa/5328324040.html
5328980083,,,LA,CA,90001,12000,,/wst/apa/5328980083.html
5328885201,,,LA,CA,90001,2795,,/wst/apa/5328885201.html
5332296253,,,LA,CA,90001,1395,,/wst/apa/5332296253.html
5332380442,,,LA,CA,90001,3525,,/wst/apa/5332380442.html
5332377098,,,LA,CA,90001,1995,,/wst/apa/5332377098.html
5332328980,,,LA,CA,90001,3800,,/wst/apa/5332328980.html
5332349348,,,LA,CA,90001,2900,,/wst/apa/5332349348.html
5332288727,,,LA,CA,90001,779,,/wst/apa/5332288727.html
5308659499,,,LA,CA,90001,1695,,/wst/apa/5308659499.html
5332317403,,,LA,CA,90001,6125,,/wst/apa/5332317403.html
5332289040,,,LA,CA,90001,1250,,/wst/apa/5332289040.html
5332330426,,,LA,CA,90001,2745,,/wst/apa/5332330426.html
5324965994,,,LA,CA,90001,1150,,/wst/apa/5324965994.html
5332316631,,,LA,CA,90001,2375,,/wst/apa/5332316631.html
5332236809,,,LA,CA,90001,4740,,/wst/apa/5332236809.html
5296707011,,,LA,CA,90001,3950,,/wst/apa/5296707011.html
5332201107,,,LA,CA,90001,1230,,/wst/apa/5332201107.html
5326627313,,,LA,CA,90001,300,,/wst/apa/5326627313.html
5300421208,,,LA,CA,90001,2750,,/wst/apa/5300421208.html
5300472518,,,LA,CA,90001,2075,,/wst/apa/5300472518.html
5332229041,,,LA,CA,90001,1725,,/wst/apa/5332229041.html
5321566184,,,LA,CA,90001,2100,,/wst/apa/5321566184.html
5311227895,,,LA,CA,90001,3250,,/wst/apa/5311227895.html
5289420449,,,LA,CA,90001,3500,,/wst/apa/5289420449.html
5332428511,,,LA,CA,90001,2300,,/wst/apa/5332428511.html
5295312567,,,LA,CA,90001,4610,,/wst/apa/5295312567.html
5328879901,,,LA,CA,90001,3800,,/wst/apa/5328879901.html
5324889889,,,LA,CA,90001,2195,,/wst/apa/5324889889.html
5332419070,,,LA,CA,90001,12776,,/wst/apa/5332419070.html
5295380798,,,LA,CA,90001,5660,,/wst/apa/5295380798.html
5324891475,,,LA,CA,90001,2395,,/wst/apa/5324891475.html
5332387561,,,LA,CA,90001,3498,,/wst/apa/5332387561.html
5297303032,,,LA,CA,90001,1750,,/wst/apa/5297303032.html
5308194367,,,LA,CA,90001,3395,,/wst/apa/5308194367.html
5303565668,,,LA,CA,90001,2595,,/wst/apa/5303565668.html
5332379226,,,LA,CA,90001,2336,,/wst/apa/5332379226.html
5304238125,,,LA,CA,90001,720,,/wst/apa/5304238125.html
5332289102,,,LA,CA,90001,645,,/wst/apa/5332289102.html
5332387814,,,LA,CA,90001,2800,,/wst/apa/5332387814.html
5328825880,,,LA,CA,90001,3550,,/wst/apa/5328825880.html
5332332672,,,LA,CA,90001,3800,,/wst/apa/5332332672.html
5332332843,,,LA,CA,90001,2580,,/wst/apa/5332332843.html
5332309719,,,LA,CA,90001,2900,,/wst/apa/5332309719.html
5332202396,,,LA,CA,90001,825,,/wst/apa/5332202396.html
5332333251,,,LA,CA,90001,1695,,/wst/apa/5332333251.html
5332182221,,,LA,CA,90001,1500,,/wst/apa/5332182221.html
5332239301,,,LA,CA,90001,2975,,/wst/apa/5332239301.html
5332226774,,,LA,CA,90001,2700,,/wst/apa/5332226774.html
5332241937,,,LA,CA,90001,1800,,/wst/apa/5332241937.html
5332244971,,,LA,CA,90001,5000,,/wst/apa/5332244971.html
5321576122,,,LA,CA,90001,1800,,/wst/apa/5321576122.html
5296279405,,,LA,CA,90001,4510,,/wst/apa/5296279405.html
5332214232,,,LA,CA,90001,810,,/wst/apa/5332214232.html
5296274371,,,LA,CA,90001,5610,,/wst/apa/5296274371.html
5296276156,,,LA,CA,90001,10010,,/wst/apa/5296276156.html
5332430132,,,LA,CA,90001,1450,,/wst/apa/5332430132.html
5320701282,,,LA,CA,90001,2695,,/wst/apa/5320701282.html
5321573227,,,LA,CA,90001,2450,,/wst/apa/5321573227.html
5320705779,,,LA,CA,90001,2195,,/wst/apa/5320705779.html
5296780638,,,LA,CA,90001,3495,,/wst/apa/5296780638.html
5322218644,,,LA,CA,90001,995,,/wst/apa/5322218644.html
5332180446,,,LA,CA,90001,4457,,/wst/apa/5332180446.html
5332138533,,,LA,CA,90001,2489,,/wst/apa/5332138533.html
5332291346,,,LA,CA,90001,1350,,/wst/apa/5332291346.html
5315994990,,,LA,CA,90001,2195,,/wst/apa/5315994990.html
5332388928,,,LA,CA,90001,3217,,/wst/apa/5332388928.html
5332383125,,,LA,CA,90001,2495,,/wst/apa/5332383125.html
5332392714,,,LA,CA,90001,3595,,/wst/apa/5332392714.html
5332335533,,,LA,CA,90001,700,,/wst/apa/5332335533.html
5332389062,,,LA,CA,90001,2195,,/wst/apa/5332389062.html
5332317196,,,LA,CA,90001,4795,,/wst/apa/5332317196.html
5332333787,,,LA,CA,90001,3265,,/wst/apa/5332333787.html
5332333814,,,LA,CA,90001,1100,,/wst/apa/5332333814.html
5328940448,,,LA,CA,90001,2750,,/wst/apa/5328940448.html
5332320536,,,LA,CA,90001,3295,,/wst/apa/5332320536.html
5332233737,,,LA,CA,90001,3478,,/wst/apa/5332233737.html
5332222115,,,LA,CA,90001,1450,,/wst/apa/5332222115.html
5329244667,,,LA,CA,90001,1700,,/wst/apa/5329244667.html
5332247112,,,LA,CA,90001,2900,,/wst/apa/5332247112.html
5332336007,,,LA,CA,90001,2035,,/wst/apa/5332336007.html
5332233629,,,LA,CA,90001,1375,,/wst/apa/5332233629.html
5332379396,,,LA,CA,90001,1350,,/wst/apa/5332379396.html
5315502131,,,LA,CA,90001,4800,,/wst/apa/5315502131.html
5332249754,,,LA,CA,90001,4250,,/wst/apa/5332249754.html
5332417585,,,LA,CA,90001,1025,,/wst/apa/5332417585.html
5321567143,,,LA,CA,90001,2800,,/wst/apa/5321567143.html
5322036104,,,LA,CA,90001,5510,,/wst/apa/5322036104.html
5332252928,,,LA,CA,90001,4000,,/wst/apa/5332252928.html
5332181179,,,LA,CA,90001,1995,,/wst/apa/5332181179.html
5332166858,,,LA,CA,90001,2700,,/wst/apa/5332166858.html
5332181804,,,LA,CA,90001,3698,,/wst/apa/5332181804.html
5332172480,,,LA,CA,90001,1400,,/wst/apa/5332172480.html
5332173302,,,LA,CA,90001,1245,,/wst/apa/5332173302.html
5310040434,,,LA,CA,90001,5600,,/wst/apa/5310040434.html
5332380687,,,LA,CA,90001,2954,,/wst/apa/5332380687.html
5332432779,,,LA,CA,90001,1700,,/wst/apa/5332432779.html
5332351068,,,LA,CA,90001,2895,,/wst/apa/5332351068.html
5332395068,,,LA,CA,90001,4500,,/wst/apa/5332395068.html
5332379654,,,LA,CA,90001,850,,/wst/apa/5332379654.html
5332340162,,,LA,CA,90001,4740,,/wst/apa/5332340162.html
5332387262,,,LA,CA,90001,2495,,/wst/apa/5332387262.html
5332390780,,,LA,CA,90001,2195,,/wst/apa/5332390780.html
5332275824,,,LA,CA,90001,1095,,/wst/apa/5332275824.html
5332306306,,,LA,CA,90001,895,,/wst/apa/5332306306.html
5332340264,,,LA,CA,90001,1995,,/wst/apa/5332340264.html
5300713226,,,LA,CA,90001,2095,,/wst/apa/5300713226.html
5328737625,,,LA,CA,90001,2395,,/wst/apa/5328737625.html
5318616010,,,LA,CA,90001,3895,,/wst/apa/5318616010.html
5332259254,,,LA,CA,90001,2905,,/wst/apa/5332259254.html
5294558504,,,LA,CA,90001,6500,,/wst/apa/5294558504.html
5332246072,,,LA,CA,90001,3077,,/wst/apa/5332246072.html
5302684101,,,LA,CA,90001,6500,,/wst/apa/5302684101.html
5332263927,,,LA,CA,90001,2100,,/wst/apa/5332263927.html
5322043363,,,LA,CA,90001,2400,,/wst/apa/5322043363.html
5321982643,,,LA,CA,90001,3895,,/wst/apa/5321982643.html
5332420466,,,LA,CA,90001,2395,,/wst/apa/5332420466.html
5305804313,,,LA,CA,90001,1695,,/wst/apa/5305804313.html
5311758670,,,LA,CA,90001,2500,,/wst/apa/5311758670.html
5322352664,,,LA,CA,90001,2500,,/wst/apa/5322352664.html
5332428181,,,LA,CA,90001,1650,,/wst/apa/5332428181.html
5332435285,,,LA,CA,90001,725,,/wst/apa/5332435285.html
5332158296,,,LA,CA,90001,795,,/wst/apa/5332158296.html
5314173997,,,LA,CA,90001,1500,,/wst/apa/5314173997.html
5301188631,,,LA,CA,90001,3000,,/wst/apa/5301188631.html
5318629644,,,LA,CA,90001,2200,,/wst/apa/5318629644.html
5314172857,,,LA,CA,90001,1500,,/wst/apa/5314172857.html
5332385986,,,LA,CA,90001,2695,,/wst/apa/5332385986.html
5332399829,,,LA,CA,90001,2030,,/wst/apa/5332399829.html
5324961976,,,LA,CA,90001,4700,,/wst/apa/5324961976.html
5324806667,,,LA,CA,90001,2200,,/wst/apa/5324806667.html
5332332521,,,LA,CA,90001,4725,,/wst/apa/5332332521.html
5332329279,,,LA,CA,90001,3695,,/wst/apa/5332329279.html
5332344326,,,LA,CA,90001,1400,,/wst/apa/5332344326.html
5320361449,,,LA,CA,90001,2095,,/wst/apa/5320361449.html
5289425247,,,LA,CA,90001,4000,,/wst/apa/5289425247.html
5332393722,,,LA,CA,90001,9431,,/wst/apa/5332393722.html
5332266287,,,LA,CA,90001,2034,,/wst/apa/5332266287.html
5332435719,,,LA,CA,90001,2185,,/wst/apa/5332435719.html
5304224730,,,LA,CA,90001,2950,,/wst/apa/5304224730.html
5332268414,,,LA,CA,90001,2497,,/wst/apa/5332268414.html
5325222989,,,LA,CA,90001,2094,,/wst/apa/5325222989.html
5325205915,,,LA,CA,90001,3543,,/wst/apa/5325205915.html
5332435758,,,LA,CA,90001,2195,,/wst/apa/5332435758.html
5332435455,,,LA,CA,90001,3035,,/wst/apa/5332435455.html
5332436418,,,LA,CA,90001,1350,,/wst/apa/5332436418.html
5332178999,,,LA,CA,90001,5478,,/wst/apa/5332178999.html
5332173207,,,LA,CA,90001,1675,,/wst/apa/5332173207.html
5332188486,,,LA,CA,90001,3245,,/wst/apa/5332188486.html
5301762264,,,LA,CA,90001,2800,,/wst/apa/5301762264.html
5332160481,,,LA,CA,90001,2931,,/wst/apa/5332160481.html
5321275580,,,LA,CA,90001,10000,,/wst/apa/5321275580.html
5332423785,,,LA,CA,90001,2615,,/wst/apa/5332423785.html
5332345063,,,LA,CA,90001,7495,,/wst/apa/5332345063.html
5293121589,,,LA,CA,90001,12000,,/wst/apa/5293121589.html
5295770999,,,LA,CA,90001,3600,,/wst/apa/5295770999.html
5332401313,,,LA,CA,90001,3030,,/wst/apa/5332401313.html
5332394672,,,LA,CA,90001,2038,,/wst/apa/5332394672.html
5332402537,,,LA,CA,90001,2810,,/wst/apa/5332402537.html
5323999638,,,LA,CA,90001,1495,,/wst/apa/5323999638.html
5313558463,,,LA,CA,90001,4900,,/wst/apa/5313558463.html
5311394116,,,LA,CA,90001,1725,,/wst/apa/5311394116.html
5332346617,,,LA,CA,90001,5235,,/wst/apa/5332346617.html
5324749955,,,LA,CA,90001,2094,,/wst/apa/5324749955.html
5332252586,,,LA,CA,90001,4100,,/wst/apa/5332252586.html
5323695707,,,LA,CA,90001,1783,,/wst/apa/5323695707.html
5328573950,,,LA,CA,90001,2825,,/wst/apa/5328573950.html
5323386225,,,LA,CA,90001,3543,,/wst/apa/5323386225.html
5332436607,,,LA,CA,90001,2195,,/wst/apa/5332436607.html
5332436721,,,LA,CA,90001,2150,,/wst/apa/5332436721.html
5332437162,,,LA,CA,90001,1350,,/wst/apa/5332437162.html
5332128113,,,LA,CA,90001,2750,,/wst/apa/5332128113.html
5332436728,,,LA,CA,90001,1350,,/wst/apa/5332436728.html
5332389944,,,LA,CA,90001,4395,,/wst/apa/5332389944.html
5332177524,,,LA,CA,90001,1400,,/wst/apa/5332177524.html
5332189677,,,LA,CA,90001,3795,,/wst/apa/5332189677.html
5332184039,,,LA,CA,90001,5127,,/wst/apa/5332184039.html
5324844592,,,LA,CA,90001,11000,,/wst/apa/5324844592.html
5309358338,,,LA,CA,90001,1595,,/wst/apa/5309358338.html
5332159024,,,LA,CA,90001,795,,/wst/apa/5332159024.html
5332359139,,,LA,CA,90001,900,,/wst/apa/5332359139.html
5332403701,,,LA,CA,90001,2310,,/wst/apa/5332403701.html
5291248703,,,LA,CA,90001,2845,,/wst/apa/5291248703.html
5332346711,,,LA,CA,90001,3120,,/wst/apa/5332346711.html
5332336712,,,LA,CA,90001,3265,,/wst/apa/5332336712.html
5320105459,,,LA,CA,90001,1595,,/wst/apa/5320105459.html
5332343721,,,LA,CA,90001,2600,,/wst/apa/5332343721.html
5332349123,,,LA,CA,90001,2600,,/wst/apa/5332349123.html
5323260623,,,LA,CA,90001,2112,,/wst/apa/5323260623.html
5322280806,,,LA,CA,90001,1783,,/wst/apa/5322280806.html
5321904486,,,LA,CA,90001,3543,,/wst/apa/5321904486.html
5332349751,,,LA,CA,90001,2840,,/wst/apa/5332349751.html
5321899927,,,LA,CA,90001,2818,,/wst/apa/5321899927.html
5332429443,,,LA,CA,90001,1790,,/wst/apa/5332429443.html
5332251452,,,LA,CA,90001,1255,,/wst/apa/5332251452.html
5332438322,,,LA,CA,90001,2195,,/wst/apa/5332438322.html
5332434647,,,LA,CA,90001,1050,,/wst/apa/5332434647.html
5332439158,,,LA,CA,90001,3295,,/wst/apa/5332439158.html
5332439689,,,LA,CA,90001,3295,,/wst/apa/5332439689.html
5309442419,,,LA,CA,90001,4800,,/wst/apa/5309442419.html
5332404087,,,LA,CA,90001,2705,,/wst/apa/5332404087.html
5292649581,,,LA,CA,90001,,,/wst/apa/5292649581.html
5317680673,,,LA,CA,90001,3000,,/wst/apa/5317680673.html
5332388653,,,LA,CA,90001,2450,,/wst/apa/5332388653.html
5314171338,,,LA,CA,90001,3345,,/wst/apa/5314171338.html
5332249252,,,LA,CA,90001,2985,,/wst/apa/5332249252.html
5332273204,,,LA,CA,90001,2247,,/wst/apa/5332273204.html
5332279384,,,LA,CA,90001,1747,,/wst/apa/5332279384.html
5332247741,,,LA,CA,90001,30,,/wst/apa/5332247741.html
5332277283,,,LA,CA,90001,1450,,/wst/apa/5332277283.html
5332388689,,,LA,CA,90001,2098,,/wst/apa/5332388689.html
5328977542,,,LA,CA,90001,1895,,/wst/apa/5328977542.html
5332278705,,,LA,CA,90001,2745,,/wst/apa/5332278705.html
5332320932,,,LA,CA,90001,1595,,/wst/apa/5332320932.html
5332435071,,,LA,CA,90001,1300,,/wst/apa/5332435071.html
5332440204,,,LA,CA,90001,3295,,/wst/apa/5332440204.html
5332440649,,,LA,CA,90001,1250,,/wst/apa/5332440649.html