5326388770,,,Seattle,WA,98101,1970,,/see/apa/5326388770.html:
5317668176,,,Seattle,WA,98101,3400,,/see/apa/5317668176.html:
5322149102,,,Seattle,WA,98101,1545,,/see/apa/5322149102.html
5326385629,,,Seattle,WA,98101,1695,,/see/apa/5326385629.html
5326366437,,,Seattle,WA,98101,1462,,/see/apa/5326366437.html
5326376053,,,Seattle,WA,98101,1195,,/see/apa/5326376053.html
5294595400,,,Seattle,WA,98101,2750,,/see/apa/5294595400.html
5326386028,,,Seattle,WA,98101,1547,,/see/apa/5326386028.html
5326355995,,,Seattle,WA,98101,2333,,/see/apa/5326355995.html
5315545915,,,Seattle,WA,98101,1195,,/see/apa/5315545915.html
5317581286,,,Seattle,WA,98101,1480,,/see/apa/5317581286.html
5321122927,,,Seattle,WA,98101,1395,,/see/apa/5321122927.html
5326381929,,,Seattle,WA,98101,1395,,/see/apa/5326381929.html
5326373761,,,Seattle,WA,98101,1395,,/see/apa/5326373761.html
5326605158,,,Seattle,WA,98101,1000,,/see/apa/5326605158.html
5326600141,,,Seattle,WA,98101,2820,,/see/apa/5326600141.html
5326605206,,,Seattle,WA,98101,1000,,/see/apa/5326605206.html
5326547300,,,Seattle,WA,98101,2400,,/see/apa/5326547300.html
5326527747,,,Seattle,WA,98101,1295,,/see/apa/5326527747.html
5311505519,,,Seattle,WA,98101,1395,,/see/apa/5311505519.html
5326502172,,,Seattle,WA,98101,5900,,/see/apa/5326502172.html
5326527177,,,Seattle,WA,98101,2600,,/see/apa/5326527177.html
5309637781,,,Seattle,WA,98101,1399,,/see/apa/5309637781.html
5303708710,,,Seattle,WA,98101,2032,,/see/apa/5303708710.html
5326529381,,,Seattle,WA,98101,1275,,/see/apa/5326529381.html
5326520037,,,Seattle,WA,98101,1275,,/see/apa/5326520037.html
5326510980,,,Seattle,WA,98101,2150,,/see/apa/5326510980.html
5326488105,,,Seattle,WA,98101,1050,,/see/apa/5326488105.html
5326516293,,,Seattle,WA,98101,1470,,/see/apa/5326516293.html
5326514451,,,Seattle,WA,98101,26000,,/see/apa/5326514451.html
5326514667,,,Seattle,WA,98101,2906,,/see/apa/5326514667.html
5326493937,,,Seattle,WA,98101,1155,,/see/apa/5326493937.html
5326484141,,,Seattle,WA,98101,1000,,/see/apa/5326484141.html
5326487473,,,Seattle,WA,98101,2110,,/see/apa/5326487473.html
5326487746,,,Seattle,WA,98101,1832,,/see/apa/5326487746.html
5288091326,,,Seattle,WA,98101,1169,,/see/apa/5288091326.html
5283500105,,,Seattle,WA,98101,1169,,/see/apa/5283500105.html
5326502247,,,Seattle,WA,98101,1663,,/see/apa/5326502247.html
5326480145,,,Seattle,WA,98101,1200,,/see/apa/5326480145.html
5326478769,,,Seattle,WA,98101,1320,,/see/apa/5326478769.html
5326481614,,,Seattle,WA,98101,2595,,/see/apa/5326481614.html
5326480923,,,Seattle,WA,98101,1899,,/see/apa/5326480923.html
5326261748,,,Seattle,WA,98101,1653,,/see/apa/5326261748.html
5326261893,,,Seattle,WA,98101,1245,,/see/apa/5326261893.html
5326264767,,,Seattle,WA,98101,2675,,/see/apa/5326264767.html
5326246668,,,Seattle,WA,98101,1475,,/see/apa/5326246668.html
5326382993,,,Seattle,WA,98101,1240,,/see/apa/5326382993.html
5322222521,,,Seattle,WA,98101,1845,,/see/apa/5322222521.html
5326263320,,,Seattle,WA,98101,1245,,/see/apa/5326263320.html
5326261715,,,Seattle,WA,98101,1250,,/see/apa/5326261715.html
5315935388,,,Seattle,WA,98101,1440,,/see/apa/5315935388.html
5281680590,,,Seattle,WA,98101,1684,,/see/apa/5281680590.html
5326262816,,,Seattle,WA,98101,1245,,/see/apa/5326262816.html
5326263494,,,Seattle,WA,98101,1850,,/see/apa/5326263494.html
5326263630,,,Seattle,WA,98101,1245,,/see/apa/5326263630.html
5326205105,,,Seattle,WA,98101,1271,,/see/apa/5326205105.html
5307792139,,,Seattle,WA,98101,1250,,/see/apa/5307792139.html
5296862035,,,Seattle,WA,98101,1823,,/see/apa/5296862035.html
5296858919,,,Seattle,WA,98101,2089,,/see/apa/5296858919.html
5296856628,,,Seattle,WA,98101,1658,,/see/apa/5296856628.html
5326264177,,,Seattle,WA,98101,2500,,/see/apa/5326264177.html
5326397028,,,Seattle,WA,98101,1394,,/see/apa/5326397028.html
5326397189,,,Seattle,WA,98101,1567,,/see/apa/5326397189.html
5326265285,,,Seattle,WA,98101,1879,,/see/apa/5326265285.html
5320814107,,,Seattle,WA,98101,2089,,/see/apa/5320814107.html
5313142636,,,Seattle,WA,98101,1945,,/see/apa/5313142636.html
5326264761,,,Seattle,WA,98101,1250,,/see/apa/5326264761.html
5284616372,,,Seattle,WA,98101,2490,,/see/apa/5284616372.html
5326354882,,,Seattle,WA,98101,1988,,/see/apa/5326354882.html
5320826290,,,Seattle,WA,98101,2177,,/see/apa/5320826290.html
5326265993,,,Seattle,WA,98101,1740,,/see/apa/5326265993.html
5326256797,,,Seattle,WA,98101,1509,,/see/apa/5326256797.html
5326372264,,,Seattle,WA,98101,1875,,/see/apa/5326372264.html
5326382411,,,Seattle,WA,98101,1968,,/see/apa/5326382411.html
5326402968,,,Seattle,WA,98101,1790,,/see/apa/5326402968.html
5314515529,,,Seattle,WA,98101,2250,,/see/apa/5314515529.html
5326267912,,,Seattle,WA,98101,2000,,/see/apa/5326267912.html
5326400944,,,Seattle,WA,98101,2127,,/see/apa/5326400944.html
5326248666,,,Seattle,WA,98101,1492,,/see/apa/5326248666.html
5326403878,,,Seattle,WA,98101,1971,,/see/apa/5326403878.html
5326405054,,,Seattle,WA,98101,2195,,/see/apa/5326405054.html
5326384548,,,Seattle,WA,98101,2295,,/see/apa/5326384548.html
5326403412,,,Seattle,WA,98101,1870,,/see/apa/5326403412.html
5326403707,,,Seattle,WA,98101,2595,,/see/apa/5326403707.html
5326481065,,,Seattle,WA,98101,1887,,/see/apa/5326481065.html
5317798780,,,Seattle,WA,98101,2200,,/see/apa/5317798780.html
5326268721,,,Seattle,WA,98101,2128,,/see/apa/5326268721.html
5326260666,,,Seattle,WA,98101,1514,,/see/apa/5326260666.html
5322585930,,,Seattle,WA,98101,2025,,/see/apa/5322585930.html
5326271536,,,Seattle,WA,98101,1609,,/see/apa/5326271536.html
5326273209,,,Seattle,WA,98101,1499,,/see/apa/5326273209.html
5326270418,,,Seattle,WA,98101,1350,,/see/apa/5326270418.html
5320044516,,,Seattle,WA,98101,1775,,/see/apa/5320044516.html
5326272102,,,Seattle,WA,98101,1585,,/see/apa/5326272102.html
5318717875,,,Seattle,WA,98101,1699,,/see/apa/5318717875.html
5326407400,,,Seattle,WA,98101,2095,,/see/apa/5326407400.html
5287020757,,,Seattle,WA,98101,2795,,/see/apa/5287020757.html
5326388874,,,Seattle,WA,98101,1800,,/see/apa/5326388874.html
5326391112,,,Seattle,WA,98101,2011,,/see/apa/5326391112.html
5326410031,,,Seattle,WA,98101,1695,,/see/apa/5326410031.html
5320694070,,,Seattle,WA,98101,2025,,/see/apa/5320694070.html
5326401014,,,Seattle,WA,98101,1498,,/see/apa/5326401014.html
5326400843,,,Seattle,WA,98101,1950,,/see/apa/5326400843.html
5326411050,,,Seattle,WA,98101,1638,,/see/apa/5326411050.html
5326468616,,,Seattle,WA,98101,1335,,/see/apa/5326468616.html
5286051297,,,Seattle,WA,98101,1169,,/see/apa/5286051297.html
5326273363,,,Seattle,WA,98101,1095,,/see/apa/5326273363.html
5326484097,,,Seattle,WA,98101,1000,,/see/apa/5326484097.html
5283516684,,,Seattle,WA,98101,1550,,/see/apa/5283516684.html
5326486019,,,Seattle,WA,98101,1004,,/see/apa/5326486019.html
5288335333,,,Seattle,WA,98101,1610,,/see/apa/5288335333.html
5311553456,,,Seattle,WA,98101,2495,,/see/apa/5311553456.html
5310132809,,,Seattle,WA,98101,1290,,/see/apa/5310132809.html
5326276120,,,Seattle,WA,98101,1599,,/see/apa/5326276120.html
5326276704,,,Seattle,WA,98101,2236,,/see/apa/5326276704.html
5326484232,,,Seattle,WA,98101,1000,,/see/apa/5326484232.html
5316019201,,,Seattle,WA,98101,1450,,/see/apa/5316019201.html
5326279448,,,Seattle,WA,98101,1585,,/see/apa/5326279448.html
5326264213,,,Seattle,WA,98101,1050,,/see/apa/5326264213.html
5326279070,,,Seattle,WA,98101,1601,,/see/apa/5326279070.html
5326420949,,,Seattle,WA,98101,3268,,/see/apa/5326420949.html
5326280917,,,Seattle,WA,98101,2749,,/see/apa/5326280917.html
5326413236,,,Seattle,WA,98101,2595,,/see/apa/5326413236.html
5326399134,,,Seattle,WA,98101,902,,/see/apa/5326399134.html
5326416952,,,Seattle,WA,98101,4495,,/see/apa/5326416952.html
5326414268,,,Seattle,WA,98101,1720,,/see/apa/5326414268.html
5326417290,,,Seattle,WA,98101,1695,,/see/apa/5326417290.html
5326423934,,,Seattle,WA,98101,1545,,/see/apa/5326423934.html
5326424049,,,Seattle,WA,98101,2170,,/see/apa/5326424049.html
5305422971,,,Seattle,WA,98101,2740,,/see/apa/5305422971.html
5326488108,,,Seattle,WA,98101,2239,,/see/apa/5326488108.html
5326488889,,,Seattle,WA,98101,1375,,/see/apa/5326488889.html
5326492668,,,Seattle,WA,98101,1851,,/see/apa/5326492668.html
5326480379,,,Seattle,WA,98101,1607,,/see/apa/5326480379.html
5326491689,,,Seattle,WA,98101,1565,,/see/apa/5326491689.html
5326467025,,,Seattle,WA,98101,1675,,/see/apa/5326467025.html
5326493649,,,Seattle,WA,98101,1275,,/see/apa/5326493649.html
5326268839,,,Seattle,WA,98101,1025,,/see/apa/5326268839.html
5326245640,,,Seattle,WA,98101,1475,,/see/apa/5326245640.html
5326281990,,,Seattle,WA,98101,1500,,/see/apa/5326281990.html
5326282422,,,Seattle,WA,98101,1180,,/see/apa/5326282422.html
5312313861,,,Seattle,WA,98101,2250,,/see/apa/5312313861.html
5326282934,,,Seattle,WA,98101,2333,,/see/apa/5326282934.html
5300200375,,,Seattle,WA,98101,620,,/see/apa/5300200375.html
5316205333,,,Seattle,WA,98101,1654,,/see/apa/5316205333.html
5305281654,,,Seattle,WA,98101,1520,,/see/apa/5305281654.html
5326425822,,,Seattle,WA,98101,1664,,/see/apa/5326425822.html
5326425867,,,Seattle,WA,98101,1695,,/see/apa/5326425867.html
5326427802,,,Seattle,WA,98101,2735,,/see/apa/5326427802.html
5319240126,,,Seattle,WA,98101,650,,/see/apa/5319240126.html
5326431070,,,Seattle,WA,98101,1599,,/see/apa/5326431070.html
5326428813,,,Seattle,WA,98101,2180,,/see/apa/5326428813.html
5326415471,,,Seattle,WA,98101,2695,,/see/apa/5326415471.html
5326432521,,,Seattle,WA,98101,1090,,/see/apa/5326432521.html
5326528797,,,Seattle,WA,98101,2395,,/see/apa/5326528797.html
5326548975,,,Seattle,WA,98101,1495,,/see/apa/5326548975.html
5326494783,,,Seattle,WA,98101,1545,,/see/apa/5326494783.html
5326497448,,,Seattle,WA,98101,1195,,/see/apa/5326497448.html
5309643190,,,Seattle,WA,98101,1399,,/see/apa/5309643190.html
5326484378,,,Seattle,WA,98101,895,,/see/apa/5326484378.html
5326484221,,,Seattle,WA,98101,750,,/see/apa/5326484221.html
5311664814,,,Seattle,WA,98101,2000,,/see/apa/5311664814.html
5311721998,,,Seattle,WA,98101,2400,,/see/apa/5311721998.html
5311718449,,,Seattle,WA,98101,2200,,/see/apa/5311718449.html
5312758366,,,Seattle,WA,98101,1850,,/see/apa/5312758366.html
5326285916,,,Seattle,WA,98101,1920,,/see/apa/5326285916.html
5300438955,,,Seattle,WA,98101,1080,,/see/apa/5300438955.html
5288720599,,,Seattle,WA,98101,620,,/see/apa/5288720599.html
5306416825,,,Seattle,WA,98101,1675,,/see/apa/5306416825.html
5326288105,,,Seattle,WA,98101,1165,,/see/apa/5326288105.html
5306571246,,,Seattle,WA,98101,1675,,/see/apa/5306571246.html
5326288593,,,Seattle,WA,98101,1000,,/see/apa/5326288593.html
5326279945,,,Seattle,WA,98101,1716,,/see/apa/5326279945.html
5326417776,,,Seattle,WA,98101,2625,,/see/apa/5326417776.html
5326422095,,,Seattle,WA,98101,1640,,/see/apa/5326422095.html
5326438503,,,Seattle,WA,98101,2750,,/see/apa/5326438503.html
5326428691,,,Seattle,WA,98101,1450,,/see/apa/5326428691.html
5326441652,,,Seattle,WA,98101,1753,,/see/apa/5326441652.html
5326442949,,,Seattle,WA,98101,2495,,/see/apa/5326442949.html
5287753117,,,Seattle,WA,98101,1495,,/see/apa/5287753117.html
5284576706,,,Seattle,WA,98101,1875,,/see/apa/5284576706.html
5326444814,,,Seattle,WA,98101,2595,,/see/apa/5326444814.html
5308384684,,,Seattle,WA,98101,2540,,/see/apa/5308384684.html
5326537424,,,Seattle,WA,98101,1875,,/see/apa/5326537424.html
5314445013,,,Seattle,WA,98101,1200,,/see/apa/5314445013.html
5326539010,,,Seattle,WA,98101,2150,,/see/apa/5326539010.html
5319153578,,,Seattle,WA,98101,3000,,/see/apa/5319153578.html
5326556679,,,Seattle,WA,98101,1695,,/see/apa/5326556679.html
5326543882,,,Seattle,WA,98101,795,,/see/apa/5326543882.html
5326505618,,,Seattle,WA,98101,2899,,/see/apa/5326505618.html
5319929591,,,Seattle,WA,98101,925,,/see/apa/5319929591.html
5326560046,,,Seattle,WA,98101,1745,,/see/apa/5326560046.html
5326506696,,,Seattle,WA,98101,1490,,/see/apa/5326506696.html
5287186914,,,Seattle,WA,98101,1400,,/see/apa/5287186914.html
5303676651,,,Seattle,WA,98101,1295,,/see/apa/5303676651.html
5326463711,,,Seattle,WA,98101,2525,,/see/apa/5326463711.html
5322981263,,,Seattle,WA,98101,1395,,/see/apa/5322981263.html
5326289470,,,Seattle,WA,98101,1499,,/see/apa/5326289470.html
5326288701,,,Seattle,WA,98101,1000,,/see/apa/5326288701.html
5326289826,,,Seattle,WA,98101,1470,,/see/apa/5326289826.html
5326293327,,,Seattle,WA,98101,1280,,/see/apa/5326293327.html
5326293842,,,Seattle,WA,98101,1695,,/see/apa/5326293842.html
5312696335,,,Seattle,WA,98101,600,,/see/apa/5312696335.html
5326280374,,,Seattle,WA,98101,3002,,/see/apa/5326280374.html
5323176677,,,Seattle,WA,98101,1540,,/see/apa/5323176677.html
5326294140,,,Seattle,WA,98101,995,,/see/apa/5326294140.html
5326295247,,,Seattle,WA,98101,1255,,/see/apa/5326295247.html
5326290547,,,Seattle,WA,98101,1950,,/see/apa/5326290547.html
5318882836,,,Seattle,WA,98101,2540,,/see/apa/5318882836.html
5314353485,,,Seattle,WA,98101,2740,,/see/apa/5314353485.html
5314369338,,,Seattle,WA,98101,2740,,/see/apa/5314369338.html
5326447147,,,Seattle,WA,98101,1774,,/see/apa/5326447147.html
5326449813,,,Seattle,WA,98101,2200,,/see/apa/5326449813.html
5326379770,,,Seattle,WA,98101,1350,,/see/apa/5326379770.html
5326450701,,,Seattle,WA,98101,1195,,/see/apa/5326450701.html
5326560209,,,Seattle,WA,98101,1924,,/see/apa/5326560209.html
5315837871,,,Seattle,WA,98101,1380,,/see/apa/5315837871.html
5309512138,,,Seattle,WA,98101,1795,,/see/apa/5309512138.html
5316995436,,,Seattle,WA,98101,900,,/see/apa/5316995436.html
5326560898,,,Seattle,WA,98101,1395,,/see/apa/5326560898.html
5326544913,,,Seattle,WA,98101,1392,,/see/apa/5326544913.html
5313095179,,,Seattle,WA,98101,925,,/see/apa/5313095179.html
5314396778,,,Seattle,WA,98101,1325,,/see/apa/5314396778.html
5326480892,,,Seattle,WA,98101,1075,,/see/apa/5326480892.html
5326515261,,,Seattle,WA,98101,1389,,/see/apa/5326515261.html
5326515259,,,Seattle,WA,98101,2465,,/see/apa/5326515259.html
5326296444,,,Seattle,WA,98101,1989,,/see/apa/5326296444.html
5326300478,,,Seattle,WA,98101,2150,,/see/apa/5326300478.html
5326298641,,,Seattle,WA,98101,1900,,/see/apa/5326298641.html
5326298670,,,Seattle,WA,98101,3900,,/see/apa/5326298670.html
5326302256,,,Seattle,WA,98101,1802,,/see/apa/5326302256.html
5299560569,,,Seattle,WA,98101,850,,/see/apa/5299560569.html
5326303031,,,Seattle,WA,98101,1725,,/see/apa/5326303031.html
5326451431,,,Seattle,WA,98101,1695,,/see/apa/5326451431.html
5326297747,,,Seattle,WA,98101,1325,,/see/apa/5326297747.html
5326297549,,,Seattle,WA,98101,1649,,/see/apa/5326297549.html
5326452031,,,Seattle,WA,98101,1337,,/see/apa/5326452031.html
5326453369,,,Seattle,WA,98101,1603,,/see/apa/5326453369.html
5312660930,,,Seattle,WA,98101,1895,,/see/apa/5312660930.html
5326456758,,,Seattle,WA,98101,1715,,/see/apa/5326456758.html
5326458101,,,Seattle,WA,98101,1851,,/see/apa/5326458101.html
5326457931,,,Seattle,WA,98101,1273,,/see/apa/5326457931.html
5326458700,,,Seattle,WA,98101,1250,,/see/apa/5326458700.html
5311115158,,,Seattle,WA,98101,1977,,/see/apa/5311115158.html
5326563154,,,Seattle,WA,98101,1956,,/see/apa/5326563154.html
5326564201,,,Seattle,WA,98101,1512,,/see/apa/5326564201.html
5315516328,,,Seattle,WA,98101,1650,,/see/apa/5315516328.html
5326541256,,,Seattle,WA,98101,5994,,/see/apa/5326541256.html
5326564539,,,Seattle,WA,98101,2695,,/see/apa/5326564539.html
5326528079,,,Seattle,WA,98101,1075,,/see/apa/5326528079.html
5326565682,,,Seattle,WA,98101,1195,,/see/apa/5326565682.html
5320633294,,,Seattle,WA,98101,1695,,/see/apa/5320633294.html
5326538231,,,Seattle,WA,98101,2710,,/see/apa/5326538231.html
5326507533,,,Seattle,WA,98101,2200,,/see/apa/5326507533.html
5326506186,,,Seattle,WA,98101,2200,,/see/apa/5326506186.html
5326519016,,,Seattle,WA,98101,1377,,/see/apa/5326519016.html
5326517154,,,Seattle,WA,98101,1350,,/see/apa/5326517154.html
5326519412,,,Seattle,WA,98101,1732,,/see/apa/5326519412.html
5317627098,,,Seattle,WA,98101,1715,,/see/apa/5317627098.html
5326303811,,,Seattle,WA,98101,1000,,/see/apa/5326303811.html
5322427393,,,Seattle,WA,98101,2064,,/see/apa/5322427393.html
5326288616,,,Seattle,WA,98101,750,,/see/apa/5326288616.html
5326306880,,,Seattle,WA,98101,1850,,/see/apa/5326306880.html
5326307815,,,Seattle,WA,98101,1494,,/see/apa/5326307815.html
5326307315,,,Seattle,WA,98101,1785,,/see/apa/5326307315.html
5326494735,,,Seattle,WA,98101,1525,,/see/apa/5326494735.html
5326288634,,,Seattle,WA,98101,1000,,/see/apa/5326288634.html
5326309724,,,Seattle,WA,98101,1887,,/see/apa/5326309724.html
5326309511,,,Seattle,WA,98101,1185,,/see/apa/5326309511.html
5300170202,,,Seattle,WA,98101,1661,,/see/apa/5300170202.html
5326464827,,,Seattle,WA,98101,1575,,/see/apa/5326464827.html
5326465748,,,Seattle,WA,98101,1505,,/see/apa/5326465748.html
5326462504,,,Seattle,WA,98101,1295,,/see/apa/5326462504.html
5326411214,,,Seattle,WA,98101,895,,/see/apa/5326411214.html
5326466536,,,Seattle,WA,98101,2300,,/see/apa/5326466536.html
5326437369,,,Seattle,WA,98101,2495,,/see/apa/5326437369.html
5326467638,,,Seattle,WA,98101,1309,,/see/apa/5326467638.html
5326569682,,,Seattle,WA,98101,3195,,/see/apa/5326569682.html
5326571168,,,Seattle,WA,98101,1325,,/see/apa/5326571168.html
5326540629,,,Seattle,WA,98101,1458,,/see/apa/5326540629.html
5326570092,,,Seattle,WA,98101,1340,,/see/apa/5326570092.html
5314410164,,,Seattle,WA,98101,1749,,/see/apa/5314410164.html
5326569706,,,Seattle,WA,98101,1004,,/see/apa/5326569706.html
5326550621,,,Seattle,WA,98101,1325,,/see/apa/5326550621.html
5326462433,,,Seattle,WA,98101,1095,,/see/apa/5326462433.html
5326562635,,,Seattle,WA,98101,1392,,/see/apa/5326562635.html
5326526409,,,Seattle,WA,98101,1395,,/see/apa/5326526409.html
5326521513,,,Seattle,WA,98101,1633,,/see/apa/5326521513.html
5326513746,,,Seattle,WA,98101,1755,,/see/apa/5326513746.html
5326523140,,,Seattle,WA,98101,1900,,/see/apa/5326523140.html
5323415905,,,Seattle,WA,98101,1575,,/see/apa/5323415905.html
5326510843,,,Seattle,WA,98101,1075,,/see/apa/5326510843.html
5326311602,,,Seattle,WA,98101,1499,,/see/apa/5326311602.html
5326298293,,,Seattle,WA,98101,1659,,/see/apa/5326298293.html
5322180836,,,Seattle,WA,98101,1905,,/see/apa/5322180836.html
5326314685,,,Seattle,WA,98101,1691,,/see/apa/5326314685.html
5326312522,,,Seattle,WA,98101,2232,,/see/apa/5326312522.html
5291846170,,,Seattle,WA,98101,1175,,/see/apa/5291846170.html
5326286062,,,Seattle,WA,98101,1336,,/see/apa/5326286062.html
5326316656,,,Seattle,WA,98101,1875,,/see/apa/5326316656.html
5326426529,,,Seattle,WA,98101,3321,,/see/apa/5326426529.html
5326453440,,,Seattle,WA,98101,850,,/see/apa/5326453440.html
5326468532,,,Seattle,WA,98101,1810,,/see/apa/5326468532.html
5326469669,,,Seattle,WA,98101,2855,,/see/apa/5326469669.html
5326453082,,,Seattle,WA,98101,1300,,/see/apa/5326453082.html
5326461398,,,Seattle,WA,98101,1195,,/see/apa/5326461398.html
5326471205,,,Seattle,WA,98101,2010,,/see/apa/5326471205.html
5326472164,,,Seattle,WA,98101,1499,,/see/apa/5326472164.html
5326472212,,,Seattle,WA,98101,1375,,/see/apa/5326472212.html
5326573820,,,Seattle,WA,98101,1941,,/see/apa/5326573820.html
5326575276,,,Seattle,WA,98101,1874,,/see/apa/5326575276.html
5326575038,,,Seattle,WA,98101,1532,,/see/apa/5326575038.html
5326566832,,,Seattle,WA,98101,1280,,/see/apa/5326566832.html
5326554263,,,Seattle,WA,98101,1325,,/see/apa/5326554263.html
5326563238,,,Seattle,WA,98101,2725,,/see/apa/5326563238.html
5326576630,,,Seattle,WA,98101,1751,,/see/apa/5326576630.html
5326577205,,,Seattle,WA,98101,1004,,/see/apa/5326577205.html
5326302933,,,Seattle,WA,98101,2174,,/see/apa/5326302933.html
5326576939,,,Seattle,WA,98101,2875,,/see/apa/5326576939.html
5326323606,,,Seattle,WA,98101,1646,,/see/apa/5326323606.html
5326325363,,,Seattle,WA,98101,1885,,/see/apa/5326325363.html
5326327407,,,Seattle,WA,98101,1025,,/see/apa/5326327407.html
5326327446,,,Seattle,WA,98101,1497,,/see/apa/5326327446.html
5326328061,,,Seattle,WA,98101,1950,,/see/apa/5326328061.html
5316060689,,,Seattle,WA,98101,1550,,/see/apa/5316060689.html
5311209594,,,Seattle,WA,98101,1350,,/see/apa/5311209594.html
5283723215,,,Seattle,WA,98101,1550,,/see/apa/5283723215.html
5326529882,,,Seattle,WA,98101,1270,,/see/apa/5326529882.html
5326513481,,,Seattle,WA,98101,1085,,/see/apa/5326513481.html
5315950541,,,Seattle,WA,98101,2541,,/see/apa/5315950541.html
5326529887,,,Seattle,WA,98101,1699,,/see/apa/5326529887.html
5326318971,,,Seattle,WA,98101,1582,,/see/apa/5326318971.html
5309646394,,,Seattle,WA,98101,1399,,/see/apa/5309646394.html
5326293119,,,Seattle,WA,98101,2618,,/see/apa/5326293119.html
5326317893,,,Seattle,WA,98101,2028,,/see/apa/5326317893.html
5326508320,,,Seattle,WA,98101,1957,,/see/apa/5326508320.html
5326319644,,,Seattle,WA,98101,1526,,/see/apa/5326319644.html
5326320117,,,Seattle,WA,98101,1595,,/see/apa/5326320117.html
5326294881,,,Seattle,WA,98101,3075,,/see/apa/5326294881.html
5326472333,,,Seattle,WA,98101,945,,/see/apa/5326472333.html
5326473524,,,Seattle,WA,98101,1482,,/see/apa/5326473524.html
5326472731,,,Seattle,WA,98101,1567,,/see/apa/5326472731.html
5326464613,,,Seattle,WA,98101,2525,,/see/apa/5326464613.html
5326461791,,,Seattle,WA,98101,1495,,/see/apa/5326461791.html
5326572596,,,Seattle,WA,98101,1575,,/see/apa/5326572596.html
5326473015,,,Seattle,WA,98101,1492,,/see/apa/5326473015.html
5326579369,,,Seattle,WA,98101,2545,,/see/apa/5326579369.html
5326451667,,,Seattle,WA,98101,935,,/see/apa/5326451667.html
5326579385,,,Seattle,WA,98101,1195,,/see/apa/5326579385.html
5326571564,,,Seattle,WA,98101,1790,,/see/apa/5326571564.html
5326561985,,,Seattle,WA,98101,1950,,/see/apa/5326561985.html
5311165115,,,Seattle,WA,98101,1725,,/see/apa/5311165115.html
5326584839,,,Seattle,WA,98101,1625,,/see/apa/5326584839.html
5326585419,,,Seattle,WA,98101,1080,,/see/apa/5326585419.html
5326576774,,,Seattle,WA,98101,1295,,/see/apa/5326576774.html
5326313730,,,Seattle,WA,98101,940,,/see/apa/5326313730.html
5326334951,,,Seattle,WA,98101,1300,,/see/apa/5326334951.html
5326332806,,,Seattle,WA,98101,1382,,/see/apa/5326332806.html
5326333851,,,Seattle,WA,98101,1560,,/see/apa/5326333851.html
5326320461,,,Seattle,WA,98101,2588,,/see/apa/5326320461.html
5326318904,,,Seattle,WA,98101,1450,,/see/apa/5326318904.html
5320758581,,,Seattle,WA,98101,1775,,/see/apa/5320758581.html
5326513001,,,Seattle,WA,98101,2200,,/see/apa/5326513001.html
5318781749,,,Seattle,WA,98101,1799,,/see/apa/5318781749.html
5326517014,,,Seattle,WA,98101,2150,,/see/apa/5326517014.html
5326334756,,,Seattle,WA,98101,1793,,/see/apa/5326334756.html
5309612735,,,Seattle,WA,98101,1399,,/see/apa/5309612735.html
5288240448,,,Seattle,WA,98101,1635,,/see/apa/5288240448.html
5309601726,,,Seattle,WA,98101,1525,,/see/apa/5309601726.html
5323031704,,,Seattle,WA,98101,1573,,/see/apa/5323031704.html
5326589454,,,Seattle,WA,98101,1569,,/see/apa/5326589454.html
5326535463,,,Seattle,WA,98101,2450,,/see/apa/5326535463.html
5326525465,,,Seattle,WA,98101,2450,,/see/apa/5326525465.html
5326320473,,,Seattle,WA,98101,1060,,/see/apa/5326320473.html
5326468207,,,Seattle,WA,98101,1450,,/see/apa/5326468207.html
5326515807,,,Seattle,WA,98101,2225,,/see/apa/5326515807.html
5326338856,,,Seattle,WA,98101,1499,,/see/apa/5326338856.html
5326591559,,,Seattle,WA,98101,2290,,/see/apa/5326591559.html
5315514107,,,Seattle,WA,98101,1799,,/see/apa/5315514107.html
5288233079,,,Seattle,WA,98101,1725,,/see/apa/5288233079.html
5323454029,,,Seattle,WA,98101,1650,,/see/apa/5323454029.html
5326584040,,,Seattle,WA,98101,1417,,/see/apa/5326584040.html
5295767693,,,Seattle,WA,98101,1450,,/see/apa/5295767693.html
5326339521,,,Seattle,WA,98101,1767,,/see/apa/5326339521.html
5326343528,,,Seattle,WA,98101,1645,,/see/apa/5326343528.html
5323142166,,,Seattle,WA,98101,1650,,/see/apa/5323142166.html
5326351161,,,Seattle,WA,98101,1220,,/see/apa/5326351161.html
5326349090,,,Seattle,WA,98101,1225,,/see/apa/5326349090.html
5326350528,,,Seattle,WA,98101,550,,/see/apa/5326350528.html
5326349060,,,Seattle,WA,98101,1380,,/see/apa/5326349060.html
5326351299,,,Seattle,WA,98101,1895,,/see/apa/5326351299.html
5284192583,,,Seattle,WA,98101,925,,/see/apa/5284192583.html
5306766379,,,Seattle,WA,98101,1525,,/see/apa/5306766379.html
5326540491,,,Seattle,WA,98101,1895,,/see/apa/5326540491.html
5326584815,,,Seattle,WA,98101,2150,,/see/apa/5326584815.html
5311224990,,,Seattle,WA,98101,1195,,/see/apa/5311224990.html
5322189901,,,Seattle,WA,98101,1050,,/see/apa/5322189901.html
5326596370,,,Seattle,WA,98101,1825,,/see/apa/5326596370.html
5326596771,,,Seattle,WA,98101,1637,,/see/apa/5326596771.html
5322075674,,,Seattle,WA,98101,1350,,/see/apa/5322075674.html
5326599076,,,Seattle,WA,98101,2333,,/see/apa/5326599076.html
5326600835,,,Seattle,WA,98101,975,,/see/apa/5326600835.html
5317391558,,,Seattle,WA,98101,1995,,/see/apa/5317391558.html
5326589754,,,Seattle,WA,98101,2064,,/see/apa/5326589754.html
5302461917,,,Seattle,WA,98101,1895,,/see/apa/5302461917.html
5326340403,,,Seattle,WA,98101,2095,,/see/apa/5326340403.html
5326353989,,,Seattle,WA,98101,2170,,/see/apa/5326353989.html
5326345192,,,Seattle,WA,98101,1795,,/see/apa/5326345192.html
5326541535,,,Seattle,WA,98101,1290,,/see/apa/5326541535.html
5326515714,,,Seattle,WA,98101,2595,,/see/apa/5326515714.html
5299106101,,,Seattle,WA,98101,1450,,/see/apa/5299106101.html
5326355345,,,Seattle,WA,98101,2356,,/see/apa/5326355345.html
5326532052,,,Seattle,WA,98101,2150,,/see/apa/5326532052.html
5326544003,,,Seattle,WA,98101,1694,,/see/apa/5326544003.html
5326544355,,,Seattle,WA,98101,2439,,/see/apa/5326544355.html
5311147893,,,Seattle,WA,98101,1425,,/see/apa/5311147893.html
5326601620,,,Seattle,WA,98101,2001,,/see/apa/5326601620.html
5326593599,,,Seattle,WA,98101,2895,,/see/apa/5326593599.html
5326586410,,,Seattle,WA,98101,2200,,/see/apa/5326586410.html
5326602528,,,Seattle,WA,98101,1250,,/see/apa/5326602528.html
5310157197,,,Seattle,WA,98101,2495,,/see/apa/5310157197.html
5326605075,,,Seattle,WA,98101,1000,,/see/apa/5326605075.html
5326355589,,,Seattle,WA,98101,1900,,/see/apa/5326355589.html
5326355688,,,Seattle,WA,98101,1205,,/see/apa/5326355688.html
5315961402,,,Seattle,WA,98101,1520,,/see/apa/5315961402.html
5315912847,,,Seattle,WA,98101,1520,,/see/apa/5315912847.html
5311734865,,,Seattle,WA,98101,1945,,/see/apa/5311734865.html
5326356705,,,Seattle,WA,98101,1795,,/see/apa/5326356705.html
5316035796,,,Seattle,WA,98101,2740,,/see/apa/5316035796.html
5316039044,,,Seattle,WA,98101,1520,,/see/apa/5316039044.html
5326356387,,,Seattle,WA,98101,1960,,/see/apa/5326356387.html
5313975775,,,Seattle,WA,98101,1200,,/see/apa/5313975775.html
5326609187,,,Seattle,WA,98101,1870,,/see/apa/5326609187.html
5326609897,,,Seattle,WA,98101,2000,,/see/apa/5326609897.html
5326348800,,,Seattle,WA,98101,1419,,/see/apa/5326348800.html
5310260115,,,Seattle,WA,98101,1350,,/see/apa/5310260115.html
5323067164,,,Seattle,WA,98101,1925,,/see/apa/5323067164.html
5326586977,,,Seattle,WA,98101,1746,,/see/apa/5326586977.html
5289418512,,,Seattle,WA,98101,2250,,/see/apa/5289418512.html
5308487184,,,Seattle,WA,98101,1520,,/see/apa/5308487184.html
5326331887,,,Seattle,WA,98101,3100,,/see/apa/5326331887.html
5308458934,,,Seattle,WA,98101,2740,,/see/apa/5308458934.html
5308457229,,,Seattle,WA,98101,2740,,/see/apa/5308457229.html
5326358952,,,Seattle,WA,98101,1775,,/see/apa/5326358952.html
5326357967,,,Seattle,WA,98101,1225,,/see/apa/5326357967.html
5326358894,,,Seattle,WA,98101,1475,,/see/apa/5326358894.html
5326359920,,,Seattle,WA,98101,2250,,/see/apa/5326359920.html
5326613865,,,Seattle,WA,98101,860,,/see/apa/5326613865.html
5326605170,,,Seattle,WA,98101,1000,,/see/apa/5326605170.html
5326614897,,,Seattle,WA,98101,1600,,/see/apa/5326614897.html
5320284767,,,Seattle,WA,98101,1650,,/see/apa/5320284767.html
5326615669,,,Seattle,WA,98101,2069,,/see/apa/5326615669.html
5326353252,,,Seattle,WA,98101,2696,,/see/apa/5326353252.html
5326614652,,,Seattle,WA,98101,1475,,/see/apa/5326614652.html
5326361533,,,Seattle,WA,98101,1709,,/see/apa/5326361533.html
5326588877,,,Seattle,WA,98101,1472,,/see/apa/5326588877.html
5326362339,,,Seattle,WA,98101,1735,,/see/apa/5326362339.html
5308460196,,,Seattle,WA,98101,1540,,/see/apa/5308460196.html
5308454997,,,Seattle,WA,98101,2740,,/see/apa/5308454997.html
5326347333,,,Seattle,WA,98101,2395,,/see/apa/5326347333.html
5308452906,,,Seattle,WA,98101,2740,,/see/apa/5308452906.html
5308449725,,,Seattle,WA,98101,2740,,/see/apa/5308449725.html
5315910077,,,Seattle,WA,98101,1745,,/see/apa/5315910077.html
5297660609,,,Seattle,WA,98101,2540,,/see/apa/5297660609.html
5326615939,,,Seattle,WA,98101,1499,,/see/apa/5326615939.html
5308446628,,,Seattle,WA,98101,2740,,/see/apa/5308446628.html
5326365259,,,Seattle,WA,98101,3798,,/see/apa/5326365259.html
5326354580,,,Seattle,WA,98101,1875,,/see/apa/5326354580.html
5326361971,,,Seattle,WA,98101,1295,,/see/apa/5326361971.html
5326328256,,,Seattle,WA,98101,1944,,/see/apa/5326328256.html
5305116763,,,Seattle,WA,98101,3610,,/see/apa/5305116763.html
5326368625,,,Seattle,WA,98101,2095,,/see/apa/5326368625.html
5326361540,,,Seattle,WA,98101,1429,,/see/apa/5326361540.html
5326355192,,,Seattle,WA,98101,1875,,/see/apa/5326355192.html
5326376065,,,Seattle,WA,98101,995,,/see/apa/5326376065.html
5326376060,,,Seattle,WA,98101,1711,,/see/apa/5326376060.html
5326361276,,,Seattle,WA,98101,3050,,/see/apa/5326361276.html
5326367894,,,Seattle,WA,98101,1200,,/see/apa/5326367894.html
5326353476,,,Seattle,WA,98101,2507,,/see/apa/5326353476.html
5315932172,,,Seattle,WA,98101,1950,,/see/apa/5315932172.html
5319047137,,,Seattle,WA,98101,850,,/see/apa/5319047137.html
5326360287,,,Seattle,WA,98101,1395,,/see/apa/5326360287.html
5326382631,,,Seattle,WA,98101,1875,,/see/apa/5326382631.html
5326382824,,,Seattle,WA,98101,1850,,/see/apa/5326382824.html
5326383477,,,Seattle,WA,98101,2795,,/see/apa/5326383477.html
5326383857,,,Seattle,WA,98101,3150,,/see/apa/5326383857.html